link,sentence_number,article_number,text,title
https://www.kompas.id/baca/opini/2021/11/23/konsep-persetujuan-dalam-kekerasan-seksual,kalimat_1,1,"Merespons perbincangan hangat tentang consent di dalam Peraturan Menteri Pendidikan, Kebudayaan, Riset, dan Teknologi Nomor 30/2021, saya ingin meluruskan pandangan-pandangan yang tidak tepat terkait consent, khususnya dari perspektif hukum pidana yang menjadi landasan pengaturan kekerasan seksual.",konsep persetujuan dalam kekerasan seksual
https://www.kompas.id/baca/opini/2021/11/23/konsep-persetujuan-dalam-kekerasan-seksual,kalimat_2,1,"Dari perspektif hukum pidana, konsep ”persetujuan” atau ”izin” merupakan salah satu prinsip penting yang menjadi dasar untuk mengategorikan apakah sebuah perbuatan adalah perbuatan pidana atau tidak, tetapi bukan satu-satunya prinsip.",konsep persetujuan dalam kekerasan seksual
https://www.kompas.id/baca/opini/2021/11/23/konsep-persetujuan-dalam-kekerasan-seksual,kalimat_3,1,"Ada beberapa ukuran yang dikembangkan terkait dengan mengapa sebuah perbuatan dijadikan sebuah perbuatan pidana, antara lain suatu perbuatan mendatangkan kesengsaraan terhadap orang lain dengan beragam tindakan. Namun, tidak semua kerugian, penderitaan, ataupun kerusakan yang terjadi dapat dipidana karena ada satu asas bahwa ”kerelaan atau persetujuan menghapuskan elemen perbuatan pidana”.",konsep persetujuan dalam kekerasan seksual
https://www.kompas.id/baca/opini/2021/11/23/konsep-persetujuan-dalam-kekerasan-seksual,kalimat_4,1,"Apa yang dimaksud dengan kerelaan? Kerelaan adalah perbuatan yang dilakukan tanpa ada paksaan ataupun perbuatan yang dampaknya dikehendaki oleh kedua belah pihak, termasuk perbuatan yang telah disepakati dilakukan oleh seseorang kepada orang lain.",konsep persetujuan dalam kekerasan seksual
https://www.kompas.id/baca/opini/2021/11/23/konsep-persetujuan-dalam-kekerasan-seksual,kalimat_5,1,"
    Pemukulan dan perbuatan lain yang dapat mencederai tubuh tidak dianggap sebagai penganiayaan.
  ",konsep persetujuan dalam kekerasan seksual
https://www.kompas.id/baca/opini/2021/11/23/konsep-persetujuan-dalam-kekerasan-seksual,kalimat_6,1,"Beberapa ahli hukum pidana memberikan contoh dalam kasus-kasus apa saja konsepsi kerelaan atau persetujuan ini menjadi penting (lihat Hiariej, 2016). Adalah pertarungan, misalnya, di mana kedua belah pihak telah bersepakat beradu tanding. Pemukulan dan perbuatan lain yang dapat mencederai tubuh tidak dianggap sebagai penganiayaan.",konsep persetujuan dalam kekerasan seksual
https://www.kompas.id/baca/opini/2021/11/23/konsep-persetujuan-dalam-kekerasan-seksual,kalimat_7,1,"Contoh lain, pencurian yang dilakukan di dalam keluarga itu sendiri. Seseorang mengambil harta benda dari anggota keluarganya sendiri dan si anggota keluarga tidak keberatan dengan harta benda yang diambil. Maka, pencurian itu hilang karakternya sebagai perbuatan pidana dan karena itu tidak dapat dituntut sebagai perbuatan pidana.",konsep persetujuan dalam kekerasan seksual
https://www.kompas.id/baca/opini/2021/11/23/konsep-persetujuan-dalam-kekerasan-seksual,kalimat_8,1,"Konsep persetujuan atau kerelaan ini berhubungan dengan konsep tanpa paksaan; sementara konsepsi tanpa izin, ketidakrelaan, ataupun ketidaksetujuan berhubungan dengan paksaan. Di dalam pasal-pasal KUHP, misalnya Pasal 285 KUHP yang menekankan adanya ”memaksa melakukan persetubuhan” yang dikategorikan sebagai pemerkosaan yang dapat dijatuhi pidana.",konsep persetujuan dalam kekerasan seksual
https://www.kompas.id/baca/opini/2021/11/23/konsep-persetujuan-dalam-kekerasan-seksual,kalimat_9,1,"”Barang siapa dengan kekerasan atau ancaman kekerasan memaksa seorang wanita bersetubuh dengan dia di luar perkawinan, diancam karena melakukan pemerkosaan dengan pidana penjara paling lama dua belas tahun”. Dalam hal ini, unsur paksaan menjadi penting dibuktikan sehingga dapat disebutkan sebagai pemerkosaan. Paksaan dalam hal ini adalah sesuatu yang tidak dikehendaki terjadi pada diri si perempuan itu.",konsep persetujuan dalam kekerasan seksual
https://www.kompas.id/baca/opini/2021/11/23/konsep-persetujuan-dalam-kekerasan-seksual,kalimat_10,1,Baca juga : Kekerasan Seksual pada Anak di Padang Tanda Terjadinya Krisis Keluarga  ,konsep persetujuan dalam kekerasan seksual
https://www.kompas.id/baca/opini/2021/11/23/konsep-persetujuan-dalam-kekerasan-seksual,kalimat_11,1,"Namun, konsepsi persetujuan atau tanpa persetujuan tidak absolut digunakan sebagai unsur yang harus dibuktikan di dalam sebuah perbuatan pidana mengingat dalam sistem hukum pidana di Indonesia berlaku asas legalitas; setiap unsur harus dibuktikan jika unsur tersebut tertera secara eksplisit di dalam pasal.",konsep persetujuan dalam kekerasan seksual
https://www.kompas.id/baca/opini/2021/11/23/konsep-persetujuan-dalam-kekerasan-seksual,kalimat_12,1,"Kondisi di mana konsepsi izin tidak dibutuhkan, misalnya dalam pengaturan Pasal 288 tentang persetubuhan dengan anak. Pasal 288 (1) menyebutkan, ”Barang siapa dalam perkawinan bersetubuh dengan seorang wanita yang diketahuinya atau sepatutnya harus diduganya bahwa yang bersangkutan belum waktunya untuk dikawin….”",konsep persetujuan dalam kekerasan seksual
https://www.kompas.id/baca/opini/2021/11/23/konsep-persetujuan-dalam-kekerasan-seksual,kalimat_13,1,"Hal senada dapat dilihat pada Pasal 290: ”Diancam dengan pidana penjara paling lama tujuh tahun: 1) barang siapa melakukan perbuatan cabul dengan seorang, padahal diketahuinya bahwa orang itu pingsan atau tidak berdaya; 2) barang siapa melakukan perbuatan cabul dengan seorang, padahal diketahuinya atau sepatutnya harus diduganya bahwa umurnya belum lima belas tahun atau kalau umurnya tidak jelas, yang bersangkutan belum waktunya untuk dikawin: 3) barang siapa membujuk seseorang yang diketahuinya atau sepatutnya harus diduganya bahwa umurnya belum lima belas tahun atau kalau umumya tidak jelas yang bersangkutan atau belum waktunya untuk dikawin, untuk melakukan atau membiarkan dilakukan perbuatan cabul, atau bersetubuh di luar perkawinan dengan orang lain”.",konsep persetujuan dalam kekerasan seksual
https://www.kompas.id/baca/opini/2021/11/23/konsep-persetujuan-dalam-kekerasan-seksual,kalimat_14,1,Di dalam Pasal 288 dan 290 di atas konsepsi ”tanpa persetujuan” tidak menjadi titik tekan adanya perbuatan yang dapat dihukum. Pada Pasal 290 Poin 1 adalah orang yang melakukan persetubuhan dengan seseorang yang dalam keadaan tidak berdaya dan pingsan.,konsep persetujuan dalam kekerasan seksual
https://www.kompas.id/baca/opini/2021/11/23/konsep-persetujuan-dalam-kekerasan-seksual,kalimat_15,1,Tidaklah dapat seseorang yang tidak berdaya dan pingsan memberikan persetujuan sehingga keadaan pingsan dan tidak berdaya sudah masuk dalam konteks ketidaksetujuan yang sebenar-benarnya.,konsep persetujuan dalam kekerasan seksual
https://www.kompas.id/baca/opini/2021/11/23/konsep-persetujuan-dalam-kekerasan-seksual,kalimat_16,1,"Dalam Pasal 288 dapat disebutkan sebagai pasal ”persetubuhan dengan anak yang belum layak dinikahi”, sementara Pasal 290 Poin 2 terhadap anak yang berusia di bawah 15 tahun adalah sebuah perbuatan pidana yang dapat dituntut pidana dan dihukum. Pasal 290 Poin 3 membahas tentang bujuk rayu terhadap anak untuk melakukan persetubuhan.",konsep persetujuan dalam kekerasan seksual
https://www.kompas.id/baca/opini/2021/11/23/konsep-persetujuan-dalam-kekerasan-seksual,kalimat_17,1,"Di dalam konstruksi pasal ini jelas tidak dibutuhkan pembuktian bahwa adanya paksaan persetubuhan seperti dalam halnya pemerkosaan. Kalaupun ada indikasi bahwa si anak bersetuju terhadap persetubuhan tersebut, tetap persetujuan itu tidak menjadi alasan untuk peniadaan tindak pidana kepada pihak yang melakukan persetubuhan dengan anak perempuan.",konsep persetujuan dalam kekerasan seksual
https://www.kompas.id/baca/opini/2021/11/23/konsep-persetujuan-dalam-kekerasan-seksual,kalimat_18,1,"Mengapa persetubuhan terhadap anak tidak membutuhkan unsur paksaan atau tanpa izin karena anak dianggap rentan dengan bujuk rayu dan belum mampu mempertimbangkan risiko yang akan dia alami ketika melakukan persetubuhan, termasuk kehamilan yang tidak dikehendaki, penularan HIV/AIDS, perkawinan anak, eksploitasi berkelanjutan karena adanya stigma-stigma yang kuat dialami oleh anak perempuan akibat hubungan seksual yang telah dilakukannya.",konsep persetujuan dalam kekerasan seksual
https://www.kompas.id/baca/opini/2021/11/23/konsep-persetujuan-dalam-kekerasan-seksual,kalimat_19,1,Konsepsi ”persetujuan” dalam konteks ketidakberdayaan dan posisi rentan khususnya terhadap anak yang tidak dapat dijadikan alasan penuntutan dan kekerasan seksual terhadap anak semakin dikuatkan dalam UU No 35/2014 tentang Perubahan UU No 23/2002 tentang Perlindungan Anak (UUPA).,konsep persetujuan dalam kekerasan seksual
https://www.kompas.id/baca/opini/2021/11/23/konsep-persetujuan-dalam-kekerasan-seksual,kalimat_20,1,Baca juga : Kekerasan Seksual dalam Keluarga di Kota Tegal Melonjak Selama Pandemi,konsep persetujuan dalam kekerasan seksual
https://www.kompas.id/baca/opini/2021/11/23/konsep-persetujuan-dalam-kekerasan-seksual,kalimat_21,1,UUPA menegaskan konsepsi kekerasan (yang memberikan dampak) seksual bukan perbuatan asusila. Perbuatan asusila dalam penafsiran para ahli hukum pidana merujuk pada perbuatan yang tidak senonoh yang bertentangan dengan nilai-nilai dan norma-norma kesusilaan yang dilakukan terhadap anak.,konsep persetujuan dalam kekerasan seksual
https://www.kompas.id/baca/opini/2021/11/23/konsep-persetujuan-dalam-kekerasan-seksual,kalimat_22,1,"Apa yang dapat dikategorikan perbuatan asusila dan perbuatan asusila terhadap anak? Sangat luas: apa pun yang dianggap tidak layak dan bertentangan dengan kepatutan di dalam masyarakat, hal ini dianggap sebagai perbuatan asusila. Dalam konteks asusila, apakah seseorang melakukan sesuatu tanpa izin atau kerelaan bukan suatu yang penting.",konsep persetujuan dalam kekerasan seksual
https://www.kompas.id/baca/opini/2021/11/23/konsep-persetujuan-dalam-kekerasan-seksual,kalimat_23,1,"Apakah perbuatan asusila itu sama dengan kekerasan seksual? Salah satu indikator dari kekerasan seksual adalah perbuatan tersebut dapat memberikan dampak yang beragam pada pihak yang mengalami kekerasan seksual. Sementara asusila, dampak yang menimbulkan kesengsaraan, risiko, ataupun kesakitan lainnya bukan yang menjadi utama.",konsep persetujuan dalam kekerasan seksual
https://www.kompas.id/baca/opini/2021/11/23/konsep-persetujuan-dalam-kekerasan-seksual,kalimat_24,1,"Sebagai contoh, seorang anak perempuan yang diminta menikah dengan seorang tokoh agama; dari perspektif hak anak, hal ini merupakan perbuatan kekerasan seksual terhadap anak karena dengan menikah pada usia dini, si anak terhalang hak atas pendidikan, mengalami kerentanan karena berhubungan seksual, dan hamil dalam usia yang tidak matang secara biologis.",konsep persetujuan dalam kekerasan seksual
https://www.kompas.id/baca/opini/2021/11/23/konsep-persetujuan-dalam-kekerasan-seksual,kalimat_25,1,"Akan tetapi, menurut nilai-nilai yang berkembang di dalam masyarakat, hal ini bukan sebuah perbuatan asusila, tapi sebagai ”berkah”, bahkan dianggap sebagai sesuatu yang membanggakan di dalam masyarakat.",konsep persetujuan dalam kekerasan seksual
https://www.kompas.id/baca/opini/2021/11/23/konsep-persetujuan-dalam-kekerasan-seksual,kalimat_26,1,Asusila didasarkan pada nilai-nilai kepatutan yang relatif dari satu masyarakat dengan masyarakat lainnya. Dampak yang dialami oleh anak tersebut akibat perkawinan anak itu bukan menjadi perhatian dari perbuatan asusila.,konsep persetujuan dalam kekerasan seksual
https://www.kompas.id/baca/opini/2021/11/23/konsep-persetujuan-dalam-kekerasan-seksual,kalimat_27,1,"Di satu masyarakat dianggap asusila di masyarakat lain tidak dianggap sebagai perbuatan asusila. Dalam konteks kekerasan seksual, pendekatan asusila ini telah mengalami pergeseran di dalam UU Perlindungan Anak 2014 di mana tekanan perlindungan adalah dalam konteks kekerasan yang berdampak pada anak, termasuk dampak seksual, sebagai dari bentuk kekerasan seksual.",konsep persetujuan dalam kekerasan seksual
https://www.kompas.id/baca/opini/2021/11/23/konsep-persetujuan-dalam-kekerasan-seksual,kalimat_28,1,"Kekerasan terhadap anak didefinisikan sebagai: ”... perbuatan terhadap anak yang berakibat timbulnya kesengsaraan atau penderitaan secara fisik, psikis, seksual, dan/atau penelantaran, termasuk ancaman untuk melakukan perbuatan, pemaksaan, atau perampasan kemerdekaan secara melawan hukum”.",konsep persetujuan dalam kekerasan seksual
https://www.kompas.id/baca/opini/2021/11/23/konsep-persetujuan-dalam-kekerasan-seksual,kalimat_29,1,Konsep ”persetujuan” juga terlampaui (tidak menjadi satu elemen yang perlu dibuktikan) dalam kondisi posisi seseorang yang tidak berdaya. Hal ini misalnya di atur di dalam UU Pemberantasan Tindak Pidana Perdagangan Orang (UU PTPPO).,konsep persetujuan dalam kekerasan seksual
https://www.kompas.id/baca/opini/2021/11/23/konsep-persetujuan-dalam-kekerasan-seksual,kalimat_30,1,"Ada dua tekanan konsepsi ”persetujuan” di dalam UU PTTPO, bahwa perbuatan dapat disebut sebagai perbuatan perdagangan orang walaupun perbuatan tersebut dilakukan berdasarkan persetujuan dari orang yang memegang kendali atas orang yang diperdagangkan tersebut.",konsep persetujuan dalam kekerasan seksual
https://www.kompas.id/baca/opini/2021/11/23/konsep-persetujuan-dalam-kekerasan-seksual,kalimat_31,1,"UU PTPPO juga mendefinisikan eksploitasi sebagai ”tindakan dengan atau tanpa persetujuan korban yang meliputi, tetapi tidak terbatas pada pelacuran, kerja atau pelayanan paksa, perbudakan atau praktik serupa perbudakan, penindasan, pemerasan, pemanfaatan fisik, seksual, organ reproduksi, atau secara melawan hukum … atau memanfaatkan tenaga atau kemampuan seseorang oleh pihak lain untuk mendapatkan keuntungan, baik materiil maupun immateriil”.",konsep persetujuan dalam kekerasan seksual
https://www.kompas.id/baca/opini/2021/11/23/konsep-persetujuan-dalam-kekerasan-seksual,kalimat_32,1,Hal ini dipertegas dalam Pasal 26 UU PTPPO bahwa konsepsi persetujuan korban perdagangan orang tidak menghilangkan penuntutan tindak pidana perdagangan orang.,konsep persetujuan dalam kekerasan seksual
https://www.kompas.id/baca/opini/2021/11/23/konsep-persetujuan-dalam-kekerasan-seksual,kalimat_33,1,"
    Konsepsi ”persetujuan” yang diperdebatkan dalam konteks Permendiknas No 30/2021 tentu memiliki konteks yang berbeda.
  ",konsep persetujuan dalam kekerasan seksual
https://www.kompas.id/baca/opini/2021/11/23/konsep-persetujuan-dalam-kekerasan-seksual,kalimat_34,1,"Pelampauan dimensi ”persetujuan” ini dalam konteks spesifik pun menjadi isu penting dalam praktik-praktik penanganan kasus kekerasan seksual di tingkat global, khususnya dalam Mahkamah Pidana Internasional.",konsep persetujuan dalam kekerasan seksual
https://www.kompas.id/baca/opini/2021/11/23/konsep-persetujuan-dalam-kekerasan-seksual,kalimat_35,1,"Dalam konteks hukum pidana internasional dalam kasus-kasus pelanggaran HAM berat, kekerasan seksual sebagai bagian dari genosida ataupun kejahatan terhadap kemanusiaan, maka ”ketidaksetujuan yang sebenar-benarnya” (genuine consent) tidak menjadi elemen yang perlu dibuktikan, tetapi sebagai pembelaan afirmatif yang menguatkan adanya perbuatan kekerasan seksual (Wolfgan & Peterson, 2007).",konsep persetujuan dalam kekerasan seksual
https://www.kompas.id/baca/opini/2021/11/23/konsep-persetujuan-dalam-kekerasan-seksual,kalimat_36,1,"Argumentasinya adalah dalam konteks genosida dan kejahatan kemanusiaan, perempuan yang menolak akan sangat berisiko terhadap kehilangan nyawa sehingga kondisi persetujuan yang sebenar-benarnya pasti akan sulit dipenuhi.",konsep persetujuan dalam kekerasan seksual
https://www.kompas.id/baca/opini/2021/11/23/konsep-persetujuan-dalam-kekerasan-seksual,kalimat_37,1,"Dengan demikian, pengadilan tidak perlu membuktikan apakah terjadi persetujuan atau ketidaksetujuan yang sebenar-benarnya, tetapi jika elemen ini dapat dibuktikan menjadi tambahan saja untuk menjelaskan bagaimana terjadinya kekerasan seksual.",konsep persetujuan dalam kekerasan seksual
https://www.kompas.id/baca/opini/2021/11/23/konsep-persetujuan-dalam-kekerasan-seksual,kalimat_38,1,"Dari pembahasan khusus terkait dengan konsepsi persetujuan dalam konteks kekerasan seksual memiliki dua tingkatan: tingkatan pertama atau mendasar bahwa konsep tidak mendapatkan persetujuan menjadi konsep yang dimasukkan sebagai elemen perbuatan yang dilarang; hal ini ketika ketidaksetujuan tersublim ke dalam beragam bentuk kekerasan, ancaman kekerasan, tipu daya, dan bentuk-bentuk paksaan lainnya.",konsep persetujuan dalam kekerasan seksual
https://www.kompas.id/baca/opini/2021/11/23/konsep-persetujuan-dalam-kekerasan-seksual,kalimat_39,1,"Namun, dalam kasus-kasus berdimensi khusus, di mana ada ketidakberdayaan, maka konsep persetujuan dapat dilampaui dan tidak perlu tidak menjadi elemen yang melekat pada perbuatan tersebut. Mengapa, karena karakter dari kasus-kasus khusus itu sendiri yang sudah meletakkan adanya berbagai bentuk situasi kerentanan.",konsep persetujuan dalam kekerasan seksual
https://www.kompas.id/baca/opini/2021/11/23/konsep-persetujuan-dalam-kekerasan-seksual,kalimat_40,1,"Konsepsi ”persetujuan” yang diperdebatkan dalam konteks Permendiknas No 30/2021 tentu memiliki konteks yang berbeda. Penolak Permendiknas No 30/2021 memutarbalikkan prinsip persetujuan bahwa tanpa ada persetujuan, perbuatan itu diperkenankan.",konsep persetujuan dalam kekerasan seksual
https://www.kompas.id/baca/opini/2021/11/23/konsep-persetujuan-dalam-kekerasan-seksual,kalimat_41,1,"Dalam konteks perdagangan orang, kekerasan seksual dalam keadaan tidak berdaya, kekerasan terhadap anak dan pelanggaran HAM berat sebagaimana saya sampaikan tadi, maka benar bahwa ”adanya persetujuan” tidak dianggap perlu, tetapi hal ini tidak bisa dianggap sebagai pembenar terhadap perbuatan kekerasan.",konsep persetujuan dalam kekerasan seksual
https://www.kompas.id/baca/riset/2021/11/22/impian-menjadi-pns-tinggal-impian,kalimat_1,3,"Di tengah derasnya arus disrupsi teknologi dan wacana pembatasan perekrutan pegawai negeri sipil, pekerjaan PNS masih menjadi cita-cita banyak orang. Namun, impian menjadi PNS tampak makin sulit diraih.",impian menjadi pns tinggal impian
https://www.kompas.id/baca/riset/2021/11/22/impian-menjadi-pns-tinggal-impian,kalimat_2,3,Menjadi pegawai negeri sipil (PNS) adalah impian banyak orang. Setiap rekrutmen aparatur sipil negara (ASN) yang terdiri dari calon pegawai negeri sipil (CPNS) dan pegawai pemerintah dengan perjanjian kerja (PPPK) selalu diikuti pendaftar yang membeludak.,impian menjadi pns tinggal impian
https://www.kompas.id/baca/riset/2021/11/22/impian-menjadi-pns-tinggal-impian,kalimat_3,3,"Tahun 2021, merujuk catatan Badan Kepegawaian Negara (BKN), total pelamar CPNS dan PPPK mencapai 4.542.798 orang dengan 4.030.134 pelamar yang merampungkan proses pendaftaran atau melakukan submit.",impian menjadi pns tinggal impian
https://www.kompas.id/baca/riset/2021/11/22/impian-menjadi-pns-tinggal-impian,kalimat_4,3,Sementara total kebutuhan ASN 2021 sebanyak 676.733 formasi yang terdiri dari CPNS 128.016 lowongan dan PPPK sebanyak 548.717 lowongan.,impian menjadi pns tinggal impian
https://www.kompas.id/baca/riset/2021/11/22/impian-menjadi-pns-tinggal-impian,kalimat_5,3,"Pada 2019, jumlah pelamar CPNS bahkan menembus angka 5,05 juta orang. Angka ini tercatat terbesar sepanjang sejarah penerimaan CPNS. Proses perekrutannya pun berlangsung hingga tahun 2020 akibat terjadinya pandemi Covid-19 yang berimbas pada ditiadakannya perekrutan CPNS 2020.",impian menjadi pns tinggal impian
https://www.kompas.id/baca/riset/2021/11/22/impian-menjadi-pns-tinggal-impian,kalimat_6,3,Data tersebut menunjukkan bahwa profesi menjadi abdi negara ini masih sangat banyak peminatnya dan pengumuman perekrutannya menjadi momen yang ditunggu-tunggu.,impian menjadi pns tinggal impian
https://www.kompas.id/baca/riset/2021/11/22/impian-menjadi-pns-tinggal-impian,kalimat_7,3,"Tidak hanya para pencari kerja yang menanti momen perekrutan PNS, tetapi juga karyawan swasta yang mencoba peruntungan menjadi PNS.",impian menjadi pns tinggal impian
https://www.kompas.id/baca/riset/2021/11/22/impian-menjadi-pns-tinggal-impian,kalimat_8,3,"Dalam jajak pendapat Litbang Kompas pada November 2019 terekam, hampir separuh responden (47 persen) mahasiswa di 34 provinsi menginginkan profesi sebagai PNS. Jumlah ini pun masih bisa bertambah karena 16 persen kalangan milenial ini mengaku masih pikir-pikir.",impian menjadi pns tinggal impian
https://www.kompas.id/baca/riset/2021/11/22/impian-menjadi-pns-tinggal-impian,kalimat_9,3,Baca juga : Kecurangan Tes Calon ASN Bisa Rugikan Pelayanan Publik,impian menjadi pns tinggal impian
https://www.kompas.id/baca/riset/2021/11/22/impian-menjadi-pns-tinggal-impian,kalimat_10,3,”Job security”,impian menjadi pns tinggal impian
https://www.kompas.id/baca/riset/2021/11/22/impian-menjadi-pns-tinggal-impian,kalimat_11,3,"Minat kaum muda, terutama di daerah, yang masih begitu tinggi untuk menjadi PNS ini, antara lain, dilatarbelakangi faktor ekonomi dan sosial budaya. Profesi sebagai ASN, khususnya PNS, dipandang sebagai profesi yang bergengsi atau terhormat di masyarakat.",impian menjadi pns tinggal impian
https://www.kompas.id/baca/riset/2021/11/22/impian-menjadi-pns-tinggal-impian,kalimat_12,3,"Profesi yang merupakan warisan zaman kolonial Belanda ini secara struktural kepegawaian hanya sebagai pegawai kasar atau kelas bawah. Akan tetapi, status sosial sebagai pegawai pemerintah dipandang tinggi derajatnya di mata rakyat bumiputra yang mayoritas menjadi petani.",impian menjadi pns tinggal impian
https://www.kompas.id/baca/riset/2021/11/22/impian-menjadi-pns-tinggal-impian,kalimat_13,3,Apalagi untuk menjadi pegawai pemerintah kolonial saat itu dibutuhkan mengenyam pendidikan sekolah yang jarang dilakoni masyarakat kebanyakan.,impian menjadi pns tinggal impian
https://www.kompas.id/baca/riset/2021/11/22/impian-menjadi-pns-tinggal-impian,kalimat_14,3,"Berbeda dengan situasi sosial ekonomi saat ini, alasan ekonomi menjadi motivasi paling kuat bagi para pencari kerja berebut posisi sebagai PNS. Kestabilan secara finansial, jenjang karier yang jelas, dan masa pensiun yang cukup terjamin dinilai merupakan gambaran keamanan kerja (job security) yang lumayan ideal untuk zaman ini.",impian menjadi pns tinggal impian
https://www.kompas.id/baca/riset/2021/11/22/impian-menjadi-pns-tinggal-impian,kalimat_15,3,"Menurut Borg dan Elizur (1992) dalam Staufenbiel dan Konig (2011), job security dapat didefinisikan sebagai keyakinan individu terhadap  keberlangsungan pekerjaan yang dimiliki saat ini serta mencakup kesempatan  promosi, kondisi pekerjaan pada umumnya, dan kesempatan untuk terus berkarier dalam jangka waktu yang panjang.",impian menjadi pns tinggal impian
https://www.kompas.id/baca/riset/2021/11/22/impian-menjadi-pns-tinggal-impian,kalimat_16,3,"Terkait job security ini, pandemi yang sedang terjadi menjadi bukti bahwa PNS adalah profesi yang paling aman, di saat profesi formal yang lain (karyawan) menghadapi ancaman pemotongan gaji, bahkan berguguran karena pemutusan hubungan kerja (PHK).",impian menjadi pns tinggal impian
https://www.kompas.id/baca/riset/2021/11/22/impian-menjadi-pns-tinggal-impian,kalimat_17,3,"Meski sumber imbalan yang rutin diterima PNS (yaitu THR dan gaji ke-13) terimbas mengalami pemotongan untuk membantu penanganan Covid-19, kesejahteraan PNS dipandang tetap terjamin.",impian menjadi pns tinggal impian
https://www.kompas.id/baca/riset/2021/11/22/impian-menjadi-pns-tinggal-impian,kalimat_18,3,"Hal inilah yang membuat sebagian pencari kerja tertipu oleh praktik-praktik ilegal oknum yang berdalih bisa membantu meloloskan menjadi PNS. Mereka rela mengeluarkan sejumlah uang kepada oknum, yang berujung kasus penipuan.",impian menjadi pns tinggal impian
https://www.kompas.id/baca/riset/2021/11/22/impian-menjadi-pns-tinggal-impian,kalimat_19,3,"Padahal, pemerintah sudah memperbaiki sistem perekrutan PNS yang lebih ketat (memanfaatkan teknologi dan dalam jaringan/online) dan transparan untuk menghindari terjadinya kecurangan.",impian menjadi pns tinggal impian
https://www.kompas.id/baca/riset/2021/11/22/impian-menjadi-pns-tinggal-impian,kalimat_20,3,Baca juga : Pelamar Calon ASN Masih Kesulitan Sampaikan Sanggahan,impian menjadi pns tinggal impian
https://www.kompas.id/baca/riset/2021/11/22/impian-menjadi-pns-tinggal-impian,kalimat_21,3,Disrupsi teknologi   ,impian menjadi pns tinggal impian
https://www.kompas.id/baca/riset/2021/11/22/impian-menjadi-pns-tinggal-impian,kalimat_22,3,"Mengutip catatan Rhenald Kasali dalam Kompas.com, dalam banyak segi PNS adalah profesi paradoks, yaitu posisinya kuat dan penting, tetapi sekaligus lemah.",impian menjadi pns tinggal impian
https://www.kompas.id/baca/riset/2021/11/22/impian-menjadi-pns-tinggal-impian,kalimat_23,3,"Begitu penting dan kuatnya sehingga dalam menjalankan tugasnya harus disumpah, diseleksi dari jutaan orang untuk menegakkan aturan dan memegang mandat undang-undang. Namun, di sisi lain, desain organisasi, aturan, dan perilakunya membuat mereka lemah.",impian menjadi pns tinggal impian
https://www.kompas.id/baca/riset/2021/11/22/impian-menjadi-pns-tinggal-impian,kalimat_24,3,"Hal inilah yang membuat ASN masih menghadapi persoalan terkait sumber daya manusia. Jumlah PNS dalam satu dekade terakhir yang fluktuatif dan cenderung menurun setelah moratorium tahun 2015 masih dinilai terlalu gemuk. Hingga Juni 2021, tercatat 4.081.824 orang dengan proporsi 23 persen PNS pusat dan 77 persen PNS daerah.",impian menjadi pns tinggal impian
https://www.kompas.id/baca/riset/2021/11/22/impian-menjadi-pns-tinggal-impian,kalimat_25,3,"Minat menjadi PNS di daerah memang tergolong tinggi, apalagi jika daerah tersebut tidak memiliki sumber daya alam potensial bagi tumbuhnya industri yang memberi kesempatan bagi putra daerah untuk bekerja di sana. Di tempat seperti ini, menjadi PNS merupakan profesi yang diperebutkan lebih ketat.",impian menjadi pns tinggal impian
https://www.kompas.id/baca/riset/2021/11/22/impian-menjadi-pns-tinggal-impian,kalimat_26,3,"Berdasarkan data BKN, pada tahun 2021, dari total 3.132.774 PNS di instansi di daerah, paling banyak tersebar di Jawa Timur, diikuti Jawa Tengah, Jawa Barat, Sumatera Utara, dan Sulawesi Selatan.",impian menjadi pns tinggal impian
https://www.kompas.id/baca/riset/2021/11/22/impian-menjadi-pns-tinggal-impian,kalimat_27,3,"Sementara itu, dari total 4,2 juta PNS tahun 2020, 1,6 juta orang (38 persen) menjabat posisi administrasi. Menurut Menteri Pendayagunaan Aparatur Negara dan Reformasi Birokrasi Tjahjo Kumolo, jumlah itu masih terlalu banyak dan tidak bisa dialihfungsikan ke jabatan atau fungsi jabatan lain sehingga perlu ada evaluasi jabatan PNS secara menyeluruh.",impian menjadi pns tinggal impian
https://www.kompas.id/baca/riset/2021/11/22/impian-menjadi-pns-tinggal-impian,kalimat_28,3,"Jumlah PNS yang terlalu besar juga berpengaruh pada anggaran pemerintah untuk belanja pegawai. Paling tidak pos belanja yang berhubungan dengan PNS adalah belanja pegawai tidak langsung, belanja pegawai langsung, serta belanja barang dan jasa yang proporsinya bisa jadi lebih besar dibandingkan pos belanja lain.",impian menjadi pns tinggal impian
https://www.kompas.id/baca/riset/2021/11/22/impian-menjadi-pns-tinggal-impian,kalimat_29,3,"Dalam Rancangan Anggaran Pendapatan dan Belanja Negara (RAPBN) 2022, anggaran belanja pegawai dialokasikan sebesar Rp 426,8 triliun. Angka ini naik 6,9 persen dari outlook 2021 yang sebesar Rp 399,3 triliun.",impian menjadi pns tinggal impian
https://www.kompas.id/baca/riset/2021/11/22/impian-menjadi-pns-tinggal-impian,kalimat_30,3,"Dari komposisi berdasarkan usia, struktur PNS didominasi usia 51-60 tahun yang akan memasuki usia pensiun, sebanyak 37,9 persen. Mayoritas PNS di Indonesia berusia di atas 40 tahun.",impian menjadi pns tinggal impian
https://www.kompas.id/baca/riset/2021/11/22/impian-menjadi-pns-tinggal-impian,kalimat_31,3,"Dengan adanya perbedaan usia yang jauh, menjadi tantangan bagi sepertiga jumlah PNS yang merupakan generasi milenial untuk dapat melakukan terobosan dalam menjalankan pelayanan publik. Birokrasi harus siap melakukan regenerasi agar roda pemerintahan dapat berjalan dengan optimal.",impian menjadi pns tinggal impian
https://www.kompas.id/baca/riset/2021/11/22/impian-menjadi-pns-tinggal-impian,kalimat_32,3,"Apalagi diwacanakan rekrutmen CPNS akan mengikuti sistem minus growth, yaitu jumlah PNS yang pensiun tidak akan diisi penuh dengan pegawai baru. Yang diperbanyak adalah formasi PPPK. Ini sesuai desain awal Undang-Undang ASN Nomor 5 Tahun 2014 yang menyebutkan bahwa posisi PPPK lebih banyak dari PNS.",impian menjadi pns tinggal impian
https://www.kompas.id/baca/riset/2021/11/22/impian-menjadi-pns-tinggal-impian,kalimat_33,3,"Jadi, posisi PNS yang pensiun akan diisi oleh PPPK. Formasi PPPK lebih banyak dari CPNS sudah terlihat pada rekrutmen ASN tahun ini. Kriteria CPNS dan PPPK yang dibutuhkan juga harus menguasai teknologi, responsif, adaptif, dan mempunyai kemampuan soft skills.",impian menjadi pns tinggal impian
https://www.kompas.id/baca/riset/2021/11/22/impian-menjadi-pns-tinggal-impian,kalimat_34,3,Era Revolusi Industri 4.0 dan munculnya era kenormalan baru akibat pandemi membuat profesi PNS pun tak luput dari disrupsi teknologi.,impian menjadi pns tinggal impian
https://www.kompas.id/baca/riset/2021/11/22/impian-menjadi-pns-tinggal-impian,kalimat_35,3,Penggunaan teknologi yang semakin masif dan perubahan pola kerja work from home (WFH) menjadi tantangan ASN dalam menjalankan tugas pelayanan publik secara profesional. Bisa jadi ke depan PNS tak lagi bekerja secara permanen atau penuh waktu.,impian menjadi pns tinggal impian
https://www.kompas.id/baca/riset/2021/11/22/impian-menjadi-pns-tinggal-impian,kalimat_36,3,"
    Era Revolusi Industri 4.0 dan munculnya era kenormalan baru akibat pandemi membuat profesi PNS pun tak luput dari disrupsi teknologi.
  ",impian menjadi pns tinggal impian
https://www.kompas.id/baca/riset/2021/11/22/impian-menjadi-pns-tinggal-impian,kalimat_37,3,"Kepala BKN Bima Haria Wibisana bahkan menyatakan, ”Dengan adanya inovasi teknologi, sepuluh tahun lagi mungkin tidak ada PNS, mungkin semuanya PPPK, dan tidak diperlukan lagi PNS ke depan.”",impian menjadi pns tinggal impian
https://www.kompas.id/baca/cerpen-hiburan/2021/11/18/pemburu-babi-2,kalimat_1,5,Kecepeh tengah duduk bersama suaminya di berugak ketika tiba-tiba mendengar suara nyanyian dari arah hutan. Berulang-ulang.,pemburu babi 2
https://www.kompas.id/baca/cerpen-hiburan/2021/11/18/pemburu-babi-2,kalimat_2,5,"Ia menelengkan kepala, persis seperti yang dilakukan induk ayam tatkala mendengar lengking elang. Kecuntil, suaminya, duduk saja, bersila, menggaruk-garuk betis. Seekor lalat berusaha hinggap di lukanya yang masih basah.",pemburu babi 2
https://www.kompas.id/baca/cerpen-hiburan/2021/11/18/pemburu-babi-2,kalimat_3,5,”Suara siapa itu?” tanya Kecepeh.,pemburu babi 2
https://www.kompas.id/baca/cerpen-hiburan/2021/11/18/pemburu-babi-2,kalimat_4,5,Tangan Kecuntil yang menggaruk-garuk berhenti. Ia menelengkan kepala juga seperti ayam jantan. Namun ia tidak mendengar apa pun. Hanya gemuruh Sungai Keditan.,pemburu babi 2
https://www.kompas.id/baca/cerpen-hiburan/2021/11/18/pemburu-babi-2,kalimat_5,5,"”Suara apa?” tanyanya, penasaran.",pemburu babi 2
https://www.kompas.id/baca/cerpen-hiburan/2021/11/18/pemburu-babi-2,kalimat_6,5,”Anak-anak nyanyi.”,pemburu babi 2
https://www.kompas.id/baca/cerpen-hiburan/2021/11/18/pemburu-babi-2,kalimat_7,5,"Kecepeh mendengarkan lagi dengan lebih baik. Terdengar suara bocah, tepatnya dua orang bocah sahut-sahutan. Lama-lama semakin riuh; seperti ada puluhan bocah yang tengah bernyanyi dengan riang dan tengah berjalan mendekati rumahnya.",pemburu babi 2
https://www.kompas.id/baca/cerpen-hiburan/2021/11/18/pemburu-babi-2,kalimat_8,5,"Mendengar Kecepeh terus bertanya dan menjadi semakin gelisah, Kecuntil meloncat turun, hampir saja terjatuh, dan berjalan mengelilingi rumahnya. Ia berhenti di belakang rumahnya, tempat ia bisa melayangkan pandangan ke kebun kopi dan bukit di kejauhan, mencari sesuatu yang barangkali saja menjawab kegelisahan Kecepeh. Namun yang terlihat olehnya hanya daun-daun kopi mengilap; terhampar sampai ke sungai, dan pohon dadap besar menjulang. Sungai Keditan tidak terlihat dari tempatnya berdiri, tetapi ia mendengar gemuruhnya semakin keras. Ia hendak kembali ke berugak ketika terdengar teriakan, membuatnya terkejut. Setelah teriakan kesekian, ia tahu siapa pemilik suara itu. Seorang warga yang tinggal di seberang sungai tengah memanggil suaminya segera pulang.",pemburu babi 2
https://www.kompas.id/baca/cerpen-hiburan/2021/11/18/pemburu-babi-2,kalimat_9,5,Angin dingin berhembus dan ia cepat kembali ke berugak.,pemburu babi 2
https://www.kompas.id/baca/cerpen-hiburan/2021/11/18/pemburu-babi-2,kalimat_10,5,"”Tidak ada apa-apa,” ujarnya menjelaskan.",pemburu babi 2
https://www.kompas.id/baca/cerpen-hiburan/2021/11/18/pemburu-babi-2,kalimat_11,5,"Kecepeh memandang suaminya dengan penuh heran, kemudian kembali menelengkan kepala. ”Semakin jelas sekarang. Ratusan anak-anak kayaknya.”",pemburu babi 2
https://www.kompas.id/baca/cerpen-hiburan/2021/11/18/pemburu-babi-2,kalimat_12,5,”Saya ndak dengar apa-apa.”,pemburu babi 2
https://www.kompas.id/baca/cerpen-hiburan/2021/11/18/pemburu-babi-2,kalimat_13,5,”Benar?”,pemburu babi 2
https://www.kompas.id/baca/cerpen-hiburan/2021/11/18/pemburu-babi-2,kalimat_14,5,”Ndak dengar apa-apa.”,pemburu babi 2
https://www.kompas.id/baca/cerpen-hiburan/2021/11/18/pemburu-babi-2,kalimat_15,5,"Kecepeh merasa bulu kuduknya berdiri, tubuhnya membesar, menjulang tinggi, mencapai atap-atap rumah. Wajahnya mendadak tampak letih seperti baru saja menyelesaikan pekerjaan yang sangat berat; seperti telah bertambah tua beberapa tahun.",pemburu babi 2
https://www.kompas.id/baca/cerpen-hiburan/2021/11/18/pemburu-babi-2,kalimat_16,5,”Ada apa?” tanya Kecuntil.,pemburu babi 2
https://www.kompas.id/baca/cerpen-hiburan/2021/11/18/pemburu-babi-2,kalimat_17,5,”Suara itu makin keras.”,pemburu babi 2
https://www.kompas.id/baca/cerpen-hiburan/2021/11/18/pemburu-babi-2,kalimat_18,5,”Saya ndak dengar apa-apa.”,pemburu babi 2
https://www.kompas.id/baca/cerpen-hiburan/2021/11/18/pemburu-babi-2,kalimat_19,5,"”Benar-benar mau ganggu saya ini,” ujar Kecepeh dengan yakin.",pemburu babi 2
https://www.kompas.id/baca/cerpen-hiburan/2021/11/18/pemburu-babi-2,kalimat_20,5,”Kenapa bukan saya aja diganggu?”,pemburu babi 2
https://www.kompas.id/baca/cerpen-hiburan/2021/11/18/pemburu-babi-2,kalimat_21,5,”Mungkin karena saya yang ajak epe buka lahan ini.”,pemburu babi 2
https://www.kompas.id/baca/cerpen-hiburan/2021/11/18/pemburu-babi-2,kalimat_22,5,"Waktu itu sore menjelang malam. Sandikala. Hujan baru saja selesai. Daun-daun dadap basah berserakan di halaman. Induk-induk ayam menuntun anak-anak mereka menuju tempat tidur; ceruk dalam di tebing kecil beberapa meter saja di sebelah barat berugak. Langit diselimuti mendung pekat. Angin dingin berhembus. Hujan sepertinya akan turun lagi, lebih lebat.",pemburu babi 2
https://www.kompas.id/baca/cerpen-hiburan/2021/11/18/pemburu-babi-2,kalimat_23,5,"”Penunggu hutan itu, mereka berburu mungkin,” kata Kecuntil dengan maksud menenangkan.",pemburu babi 2
https://www.kompas.id/baca/cerpen-hiburan/2021/11/18/pemburu-babi-2,kalimat_24,5,"Kecepeh tidak bisa tenang. Beberapa kali ia menjulurkan kepala melihat sekeliling. Tulang-tulangnya terasa ngilu, seolah angin telah mengirimkan penyakit ke tubuhnya. Dadanya seperti disumbat dan ia kesusahan bernapas. Takut nasib buruk akan menyergapnya, ia cepat turun dari berugak. Kakinya yang telanjang menginjak daun dadap. Ia berjalan ke dalam rumah dan sebentar kemudian keluar lagi dengan wajah yang semakin pucat.",pemburu babi 2
https://www.kompas.id/baca/cerpen-hiburan/2021/11/18/pemburu-babi-2,kalimat_25,5,"Kecuntil memandang Kecepeh dengan penuh rasa ingin tahu dan lama-lama rasa cemas menghampirinya. Kecepeh berjalan ke tengah-tengah halaman, berdiri saja, menelengkan kepala, berusaha mendengar dari mana suara itu berasal. Tidak berhasil. Ketika ia yakin suara itu berasal dari arah hutan, dengan sangat cepat suara-suara riuh terdengar dari arah kebun ilalang di utara rumahnya. Ketika ia merasa telah melihat bayangan berkelebat di dekat jebak rumahnya, suara-suara itu terdengar dari arah puncak bukit, persis di tempat makam keramat berada. Ia cepat menoleh, tetapi yang tampak hanya ilalang dan semak-belukar.",pemburu babi 2
https://www.kompas.id/baca/cerpen-hiburan/2021/11/18/pemburu-babi-2,kalimat_26,5,"Hanya sekejap Kecepeh merasa seperti dikepung. Ia yakin sekali seluruh tanah di sekitar rumahnya telah dipenuhi bocah-bocah yang bukan hanya bernyanyi, tetapi menari dan kaki-kaki mereka menebah tanah. Ia seperti mendengar suara-suara desah napas, suara batu-batu apung remuk, dan semak-belukar patah.",pemburu babi 2
https://www.kompas.id/baca/cerpen-hiburan/2021/11/18/pemburu-babi-2,kalimat_27,5,"Kecuntil juga turun dari berugak, sekali lagi. Telanjang kaki. Menginjak daun-daun dadap. Pelan-pelan gelap menyelimuti. Dari bukit di timur kampung terdengar lengking burung hantu; lebih cepat dibanding malam-malam biasanya. Deru Sungai Keditan terus terdengar, diselingi suara-suara keras seperti sebongkah batu besar berbenturan dan pecah.",pemburu babi 2
https://www.kompas.id/baca/cerpen-hiburan/2021/11/18/pemburu-babi-2,kalimat_28,5,"Kilat tiba-tiba menyambar, membuat segala sesuatu seperti menyala. Petir keras menyusul, menggeletar.",pemburu babi 2
https://www.kompas.id/baca/cerpen-hiburan/2021/11/18/pemburu-babi-2,kalimat_29,5,"”Mau hujan. Kita masuk,” bujuk Kecuntil.",pemburu babi 2
https://www.kompas.id/baca/cerpen-hiburan/2021/11/18/pemburu-babi-2,kalimat_30,5,Kecepeh hanya diam. Berdiri di halaman. Membiarkan rasa dingin menjalari kedua kakinya.,pemburu babi 2
https://www.kompas.id/baca/cerpen-hiburan/2021/11/18/pemburu-babi-2,kalimat_31,5,"”Mau hujan,” ulang Kecuntil.",pemburu babi 2
https://www.kompas.id/baca/cerpen-hiburan/2021/11/18/pemburu-babi-2,kalimat_32,5,”Masuk duluan.”,pemburu babi 2
https://www.kompas.id/baca/cerpen-hiburan/2021/11/18/pemburu-babi-2,kalimat_33,5,"Kecuntil masuk dan keluar membawa lampu teplok dari bekas botol minuman, menggantungkannya di salah satu usuk berugak. Angin membuat api di ujung sumbu bergoyang-goyang.",pemburu babi 2
https://www.kompas.id/baca/cerpen-hiburan/2021/11/18/pemburu-babi-2,kalimat_34,5,"Sepanjang ia berdiri itu Kecepeh terus merapalkan mantra. Ia ingin berusaha mengusir jauh suara-suara itu dari kepalanya. Mungkin karena merasa telah ditantang oleh mantranya yang terus diulang-ulang, suara itu terdengar semakin riuh. Terdengar seperti berasal dari tempat yang sangat dekat dengannya.",pemburu babi 2
https://www.kompas.id/baca/cerpen-hiburan/2021/11/18/pemburu-babi-2,kalimat_35,5,"
    Kecuntil masuk dan keluar membawa lampu teplok dari bekas botol minuman, menggantungkannya di salah satu usuk berugak. Angin membuat api di ujung sumbu bergoyang-goyang.
  ",pemburu babi 2
https://www.kompas.id/baca/cerpen-hiburan/2021/11/18/pemburu-babi-2,kalimat_36,5,"Kecepeh tidak tahan dan lengking panjang keluar dari mulutnya. Mengagetkan suaminya yang tengah duduk dan memandang nyala lampu yang mengecil-membesar seperti berusaha melepaskan diri dari ujung sumbu. Kilat menyambar dan petir keras menggelegar begitu ia menuntaskan lengking kerasnya. Itu cukup membuat ia yakin bahwa ada yang tengah menguji dirinya. Terburu-buru ia berlari ke dalam rumah dan keluar dalam keadaan tidak memakai baju. Selembar kain saja yang melekat di pinggangnya, menutup sampai pangkal paha.",pemburu babi 2
https://www.kompas.id/baca/cerpen-hiburan/2021/11/18/pemburu-babi-2,kalimat_37,5,”Ayo ke sini lawan saya!” teriaknya.,pemburu babi 2
https://www.kompas.id/baca/cerpen-hiburan/2021/11/18/pemburu-babi-2,kalimat_38,5,"Kecuntil melihat sekeliling, tetapi hanya ada suara menggerisik di belakang rumah mereka. Ia cepat melihat ke tempat itu, tetapi tidak dapat melihat apa-apa. Burung hantu di kejauhan terdengar sebentar saja kemudian berhenti.",pemburu babi 2
https://www.kompas.id/baca/cerpen-hiburan/2021/11/18/pemburu-babi-2,kalimat_39,5,"”Ayo ke sini lawan saya!” teriak Kecepeh lagi. Ia berdiri di halaman, kedua susunya yang telah kisut menggantung di dadanya. Kedua lengan kurusnya meliuk-liuk di udara seperti tengah melakukan tarian. Pelan-pelan gerakan tangannya bertambah keras. Mantra terus terapal dari mulutnya.",pemburu babi 2
https://www.kompas.id/baca/cerpen-hiburan/2021/11/18/pemburu-babi-2,kalimat_40,5,"Suara itu terdengar semakin riuh di dalam kepalanya. Dan ia tidak bertanya apa-apa kepada suaminya, ia tahu suara itu hanya terdengar olehnya. Ia tahu ada yang tengah berusaha mengganggu dirinya. Karena itu, ia harus menghadapinya seorang diri.",pemburu babi 2
https://www.kompas.id/baca/cerpen-hiburan/2021/11/18/pemburu-babi-2,kalimat_41,5,"”Ayo lawan saya!” teriaknya. Kilat dan petir menyambutnya. Ia mendongak ke langit, dan hujan begitu saja turun. Lebat. Sangat lebat. Kecuntil duduk di berugak, bersandar di tiang, bersila, dan memejamkan mata. Tadinya ia masih ragu pada apa yang terjadi, tetapi semakin lama ia semakin yakin Kecepeh tengah diganggu.",pemburu babi 2
https://www.kompas.id/baca/cerpen-hiburan/2021/11/18/pemburu-babi-2,kalimat_42,5,"Kecepeh juga mulai memejamkan mata dan menari-nari di halaman. Kedua tangannya terus meliuk-liuk kemudian mencakar-cakar udara. Sepasang susunya menggelantung dan bergerak-gerak. Pelan-pelan kainnya terlepas dan ia bertelanjang bulat sambil menari dengan menghentak-hentak. Teriakan-teriakan keluar dari mulutnya. Bukan teriakan menantang, tetapi rapalan mantra yang membuat ayam-ayam yang tengah tertidur mengeluarkan suara penuh ketakutan. Di berugak, Kecuntil beberapa kali menarik napas berat.",pemburu babi 2
https://www.kompas.id/baca/cerpen-hiburan/2021/11/18/pemburu-babi-2,kalimat_43,5,"Apa yang Kecepeh lihat kemudian menjadi hal terakhir yang ia ingat saat meninggalkan dunia menuju kehidupan selanjutnya bertahun-tahun kemudian. Persis di tengah halaman, berdiri dua orang bocah. Seekor babi hutan besar, terikat di tengah-tengah bambu yang mereka pikul. Keduanya bertelanjang bulat. Mereka bernyanyi dengan riang sahut-sahutan. Setelah berhenti sebentar, mereka berjalan lagi, memutari rumah. Meskipun hanya berdua, tetapi suara mereka begitu riuh seolah ribuan manusia ikut pula bersuara. Pada putaran ketiga, Kecepeh melihat bukan babi lagi yang terikat di tengah pikulan, melainkan dirinya sendiri yang telah telanjang bulat. Dirinya yang terikat itu tampak kesakitan dan melambai-lambaikan tangan, seperti meminta diselamatkan.*",pemburu babi 2
https://www.kompas.id/baca/cerpen-hiburan/2021/11/18/pemburu-babi-2,kalimat_44,5,Oktober 2018,pemburu babi 2
https://www.kompas.id/baca/dikbud/2021/11/18/sekolah-penerbangan-di-batam-mengurung-dan-merantai-siswa,kalimat_1,7,"BATAM, KOMPAS — Komisi Perlindungan Anak Indonesia menemukan bukti kekerasan terhadap siswa di Sekolah Penerbangan atau SPN Dirgantara Kota Batam, Kepulauan Riau. Sejumlah siswa mengaku ditampar dan ditendang, bahkan dikurung dalam sel hingga berbulan-bulan.",sekolah penerbangan di batam mengurung dan merantai siswa
https://www.kompas.id/baca/dikbud/2021/11/18/sekolah-penerbangan-di-batam-mengurung-dan-merantai-siswa,kalimat_2,7,"Ketua Komisi Perlindungan Anak Daerah (KPAD) Batam, Abdillah, Kamis (18/11/2021), mengatakan, kasus itu terungkap setelah 10 orangtua siswa melapor ke KPAD pada 25 Oktober lalu. Para orangtua juga melaporkan seorang siswa rahangnya sampai bergeser karena dipukul oleh pembina di SPN Dirgantara Batam.",sekolah penerbangan di batam mengurung dan merantai siswa
https://www.kompas.id/baca/dikbud/2021/11/18/sekolah-penerbangan-di-batam-mengurung-dan-merantai-siswa,kalimat_3,7,"Laporan itu lalu diteruskan Abdillah kepada Komisi Perlindungan Anak Indonesia (KPAI). Kemudian, KPAI dan Inspektorat Jenderal (Itjen) Kementerian Pendidikan, Kebudayaan, Ristek, Teknologi (Kemendikbudristek) melakukan investigasi di sekolah tersebut pada Rabu (17/11/2021).",sekolah penerbangan di batam mengurung dan merantai siswa
https://www.kompas.id/baca/dikbud/2021/11/18/sekolah-penerbangan-di-batam-mengurung-dan-merantai-siswa,kalimat_4,7,"”Aduan itu ternyata memang sangat sesuai dengan kondisi di lapangan. Contohnya, adanya sel di sekolah tersebut,” kata Abdillah.",sekolah penerbangan di batam mengurung dan merantai siswa
https://www.kompas.id/baca/dikbud/2021/11/18/sekolah-penerbangan-di-batam-mengurung-dan-merantai-siswa,kalimat_5,7,"Sebenarnya, pihak sekolah sudah berupaya menyembunyikan bukti dengan mengubah sel menjadi tempat jemuran saat KPAI dan Itjen Kemendikbudristek melakukan investigasi di lapangan. Namun, menurut Abdillah, tim masih melihat bekas-bekas teralis besi di ruangan tersebut.",sekolah penerbangan di batam mengurung dan merantai siswa
https://www.kompas.id/baca/dikbud/2021/11/18/sekolah-penerbangan-di-batam-mengurung-dan-merantai-siswa,kalimat_6,7,Ruangan yang dipakai untuk mengurung siswa itu terdapat di lantai 4 gedung SPN Dirgantara Batam. Ruangan itu luasnya sekitar 3 x 2 meter persegi. Kondisi ruangan gelap dan pengap. Hanya ada sebuah ventilasi yang diteralis besi. Ruangan itu biasanya digunakan untuk mengurung 10 anak sekaligus.,sekolah penerbangan di batam mengurung dan merantai siswa
https://www.kompas.id/baca/dikbud/2021/11/18/sekolah-penerbangan-di-batam-mengurung-dan-merantai-siswa,kalimat_7,7,"Dalam ruangan yang serupa sel tahanan itu terdapat satu kamar mandi tanpa pintu. Menurut salah satu orangtua, pernah ada dua siswa yang diborgol dan dikurung di sana harus buang air secara bersamaan.",sekolah penerbangan di batam mengurung dan merantai siswa
https://www.kompas.id/baca/dikbud/2021/11/18/sekolah-penerbangan-di-batam-mengurung-dan-merantai-siswa,kalimat_8,7,"Melalui pernyataan tertulis, Komisioner KPAI Retno Lityarti, menambahkan, yang lebih mengenaskan, ada satu anak lain yang lehernya dirantai saat dikurung di ruangan tersebut. Selain itu, para orangtua yang melapor ke KPAD Batam juga menunjukkan foto-foto siswa yang dipaksa memakai baju oranye seperti tahanan saat dikurung oleh pembina.",sekolah penerbangan di batam mengurung dan merantai siswa
https://www.kompas.id/baca/dikbud/2021/11/18/sekolah-penerbangan-di-batam-mengurung-dan-merantai-siswa,kalimat_9,7,"Saat melakukan investigasi, Retno juga menemukan sejumlah kejanggalan lain di SPN Dirgantara Batam. Di sekolah itu, seorang guru dengan latar belakang pendidikan sarjana agama Islam mengajar materi human error dalam penerbangan pesawat.",sekolah penerbangan di batam mengurung dan merantai siswa
https://www.kompas.id/baca/dikbud/2021/11/18/sekolah-penerbangan-di-batam-mengurung-dan-merantai-siswa,kalimat_10,7,"Tim KPAI dan Itjen Kemendikbudristek juga melihat ada dua ruang kelas di SPN Dirgantara Batam yang tidak dilengkapi meja dan kursi. Selain itu, tim menemukan, asrama yang dihuni 40 siswa sangat buruk sanitasinya. Sebagian besar tempat tidur tidak dilengkapi sprei. Bau tidak sedap juga tercium di mana-mana.",sekolah penerbangan di batam mengurung dan merantai siswa
https://www.kompas.id/baca/dikbud/2021/11/18/sekolah-penerbangan-di-batam-mengurung-dan-merantai-siswa,kalimat_11,7,"
    Asrama yang dihuni 40 siswa sangat buruk sanitasinya.
  ",sekolah penerbangan di batam mengurung dan merantai siswa
https://www.kompas.id/baca/dikbud/2021/11/18/sekolah-penerbangan-di-batam-mengurung-dan-merantai-siswa,kalimat_12,7,Berulang,sekolah penerbangan di batam mengurung dan merantai siswa
https://www.kompas.id/baca/dikbud/2021/11/18/sekolah-penerbangan-di-batam-mengurung-dan-merantai-siswa,kalimat_13,7,"Penelusuran lebih lanjut oleh KPAI menemukan fakta tindak kekerasan di sekolah itu telah terjadi sejak 2017 hingga 2021 secara kontinu. Pada 2018, KPAI dan KPAD Provinsi Kepri pernah menindaklanjuti laporan siswa dengan inisial RS yang mengaku dipenjara di SPN Dirgantara Batam.",sekolah penerbangan di batam mengurung dan merantai siswa
https://www.kompas.id/baca/dikbud/2021/11/18/sekolah-penerbangan-di-batam-mengurung-dan-merantai-siswa,kalimat_14,7,"”RS yang hendak naik pesawat dari Batam ke Surabaya ditangkap pembina SPN Dirgantara Batam. Tangan RS diborgol lalu dimasukkan sel tahanan di sekolah. Ia mengalami kekerasan fisik karena disuruh berjalan jongkok di aspal panas hingga lututnya melepuh,” kata Retno.",sekolah penerbangan di batam mengurung dan merantai siswa
https://www.kompas.id/baca/dikbud/2021/11/18/sekolah-penerbangan-di-batam-mengurung-dan-merantai-siswa,kalimat_15,7,"Menurut dia, pelaku kekerasan ED, kemudian ditangkap polisi dan diproses secara hukum. Pengadilan Negeri Batam menjatuhkan hukuman pidana 1 tahun penjara kepada ED.",sekolah penerbangan di batam mengurung dan merantai siswa
https://www.kompas.id/baca/dikbud/2021/11/18/sekolah-penerbangan-di-batam-mengurung-dan-merantai-siswa,kalimat_16,7,Baca juga: Guru Bertanggung Jawab Cegah Kekerasan di Sekolah,sekolah penerbangan di batam mengurung dan merantai siswa
https://www.kompas.id/baca/dikbud/2021/11/18/sekolah-penerbangan-di-batam-mengurung-dan-merantai-siswa,kalimat_17,7,"Terkait sejumlah laporan kekerasan di SPN Dirgantara Batam itu, Retno mengatakan, pemerintah harus memberikan sanksi tegas pada sekolah tersebut. SPN Dirgantara Batam seharusnya dilarang menerima peserta didik baru pada tahun ajaran 2022/2023. Dana bantuan operasional sekolah serta izin operasional sekolah juga harus segera dicabut.",sekolah penerbangan di batam mengurung dan merantai siswa
https://www.kompas.id/baca/dikbud/2021/11/18/sekolah-penerbangan-di-batam-mengurung-dan-merantai-siswa,kalimat_18,7,"Dikonfirmasi mengenai hal tersebut, Kepala Dinas Pendidikan Provinsi Kepri Muhammad Dali mengatakan, hasil investigasi KPAI dan Itjen Kemendikbudristek akan dirapatkan bersama Gubernur Kepri Ansar Ahmad pada siang ini. Rapat itu juga untuk mengambil langkah tegas terkait temuan kasus di SPN Dirgantara Batam.",sekolah penerbangan di batam mengurung dan merantai siswa
https://www.kompas.id/baca/dikbud/2021/11/18/sekolah-penerbangan-di-batam-mengurung-dan-merantai-siswa,kalimat_19,7,"Kepala SPN Dirgantara Batam Ajun Komisiaris Besar (Purn) Dunya Harun mengatakan, tuduhan mengenai kekerasan terhadap siswa itu tidak benar. Ia mengklaim, semua tindakan fisik yang disebut KPAI sebagai kekerasan itu dilakukan pembina dalam rangka menertibkan perilaku siswa.",sekolah penerbangan di batam mengurung dan merantai siswa
https://www.kompas.id/baca/ilmu-pengetahuan-teknologi/2021/11/19/mencegah-dan-menangani-dini-gigitan-ular-berbisa,kalimat_1,10,"Mahasiswa pascasarjana IPB University ditemukan meninggal dunia di Kebun Cibayan Atas, Bogor, Jawa Barat, Rabu (17/11/2021) siang, dengan luka di kaki yang diduga karena gigitan ular berbisa. Kasus ini menambah panjang daftar kematian karena gigitan ular di Indonesia yang sebenarnya bisa dikurangi risikonya.",mencegah dan menangani dini gigitan ular berbisa
https://www.kompas.id/baca/ilmu-pengetahuan-teknologi/2021/11/19/mencegah-dan-menangani-dini-gigitan-ular-berbisa,kalimat_2,10,"Wakil Rektor Bidang Pendidikan dan Kemahasiswaan IPB University Drajat Martianto yang dihubungi Kamis (18/11/2021) mengatakan, almarhum merupakan mahasiswa semester satu Program Pascasarjana di Program Studi Agronomi dan Hortikultura dan sebelumnya lulusan sarjana dari program yang sama.",mencegah dan menangani dini gigitan ular berbisa
https://www.kompas.id/baca/ilmu-pengetahuan-teknologi/2021/11/19/mencegah-dan-menangani-dini-gigitan-ular-berbisa,kalimat_3,10,"”Dia juga tinggal di dalam kampus (perumahan dosen). Tampaknya keluar pagi hari (Rabu) dengan pakaian olahraga dan membawa tumbler minum. Kemungkinan jalan pagi sekaligus menengok kebun,” kata Drajat.",mencegah dan menangani dini gigitan ular berbisa
https://www.kompas.id/baca/ilmu-pengetahuan-teknologi/2021/11/19/mencegah-dan-menangani-dini-gigitan-ular-berbisa,kalimat_4,10,"Siang harinya, sekitar pukul 14.00, pengelola Kebun Cikabayan Atas, Ngabdul, menemukan sosok korban yang diduga sudah meninggal dunia. Ditemukan luka di kakinya. Pihak IPB University segera membawa korban ke Rumah Sakit Ciawi untuk diotopsi.",mencegah dan menangani dini gigitan ular berbisa
https://www.kompas.id/baca/ilmu-pengetahuan-teknologi/2021/11/19/mencegah-dan-menangani-dini-gigitan-ular-berbisa,kalimat_5,10,"”Kami belum menerima hasil otopsi, tapi sangat kuat dugaan disebabkan gigitan ular kobra kalau melihat luka di kakinya. Saya juga mendapat info bahwa di sekitar lokasi ditemukan lima anak ular kobra,” kata Drajat.",mencegah dan menangani dini gigitan ular berbisa
https://www.kompas.id/baca/ilmu-pengetahuan-teknologi/2021/11/19/mencegah-dan-menangani-dini-gigitan-ular-berbisa,kalimat_6,10,Hindari tergigit,mencegah dan menangani dini gigitan ular berbisa
https://www.kompas.id/baca/ilmu-pengetahuan-teknologi/2021/11/19/mencegah-dan-menangani-dini-gigitan-ular-berbisa,kalimat_7,10,"Ahli herpetologi dari Pusat Riset Biologi BRIN, Amir Hamidy, belum bisa berspekulasi soal kematian korban karena gigitan ular. ”Kalau karena gigitan ular hasil otopsinya akan kelihatan kerusakan organnya,” katanya.",mencegah dan menangani dini gigitan ular berbisa
https://www.kompas.id/baca/ilmu-pengetahuan-teknologi/2021/11/19/mencegah-dan-menangani-dini-gigitan-ular-berbisa,kalimat_8,10,"Namun, menurut Amir, risiko gigitan ular bisa saja terjadi karena saat musim hujan seperti sekarang adalah periode penetasan ular. Apalagi korban beraktivitas di perkebunan yang menjadi habitat ular berbisa. ”Ini musim telur ular menetas, tidak hanya kobra. Siklus tahun lalu juga begitu, di musim hujan banyak muncul anakan kobra,” katanya.",mencegah dan menangani dini gigitan ular berbisa
https://www.kompas.id/baca/ilmu-pengetahuan-teknologi/2021/11/19/mencegah-dan-menangani-dini-gigitan-ular-berbisa,kalimat_9,10,Telur ular tidak dijagain induknya dan begitu menetas akan menyebar secara acak. Khusus untuk ular kobra merupakan jenis yang bisa hidup di habitat terbuka di sekitar manusia. Oleh karena itu sering ditemukan di sekitar permukiman.,mencegah dan menangani dini gigitan ular berbisa
https://www.kompas.id/baca/ilmu-pengetahuan-teknologi/2021/11/19/mencegah-dan-menangani-dini-gigitan-ular-berbisa,kalimat_10,10,"
    Kami belum menerima hasil otopsi, tapi sangat kuat dugaan disebabkan gigitan ular kobra kalau melihat luka di kakinya. Saya juga mendapat info bahwa di sekitar lokasi ditemukan lima anak ular kobra.
  ",mencegah dan menangani dini gigitan ular berbisa
https://www.kompas.id/baca/ilmu-pengetahuan-teknologi/2021/11/19/mencegah-dan-menangani-dini-gigitan-ular-berbisa,kalimat_11,10,"”Untuk hindari itu, tingkatkan kewaspadaan di musim hujan begini. Kalau rumahnya di dekat habitat ular, usahakan rumah bersih dan dipel tiap hari dengan wangi-wangian menyengat. Jangan ada tumpukan barang bekas dan kalau ada pohon, bersihkan ranting. Selain itu jangan tidur di lantai,” paparnya.",mencegah dan menangani dini gigitan ular berbisa
https://www.kompas.id/baca/ilmu-pengetahuan-teknologi/2021/11/19/mencegah-dan-menangani-dini-gigitan-ular-berbisa,kalimat_12,10,"Amir mengingatkan, begitu menetas, ular sudah memiliki bisa atau racun. Walaupun kuantitasnya tidak sebanyak saat dewasa, racun bayi ular sama atau bahkan lebih tinggi tingkat letalnya. ”Bisa ini untuk pertahanan, jadi begitu menetas, dia sudah memiliki agar bertahan hidup,” katanya.",mencegah dan menangani dini gigitan ular berbisa
https://www.kompas.id/baca/ilmu-pengetahuan-teknologi/2021/11/19/mencegah-dan-menangani-dini-gigitan-ular-berbisa,kalimat_13,10,"Bagi yang beraktivitas di luar ruangan yang berisiko, Amir menyarankan untuk mengenakan alat perlindungan diri yang memadai. ”Misalnya kalau beraktivitas di kebun, harus dengan prosedur aman. Minimal memakai sepatu but, kaus panjang, dan jangan beraktivitas di malam hari, kecuali profesional,” katanya.",mencegah dan menangani dini gigitan ular berbisa
https://www.kompas.id/baca/ilmu-pengetahuan-teknologi/2021/11/19/mencegah-dan-menangani-dini-gigitan-ular-berbisa,kalimat_14,10,"Dokter ahli penanganan ular berbisa yang juga Presiden Toksinologi Indonesia Tri Maharani mengatakan, ada kecenderungan kasus dan kematian akibat gigitan ular di Indonesia meningkat. Dari Januari 2020 sampai awal Januari 2021, terdapat 627 kasus gigitan ular di Indonesia yang dilaporkan, 62 orang di antaranya meninggal dunia.",mencegah dan menangani dini gigitan ular berbisa
https://www.kompas.id/baca/ilmu-pengetahuan-teknologi/2021/11/19/mencegah-dan-menangani-dini-gigitan-ular-berbisa,kalimat_15,10,Baca juga : Berjuang Melawan Bisa Ular Mematikan,mencegah dan menangani dini gigitan ular berbisa
https://www.kompas.id/baca/ilmu-pengetahuan-teknologi/2021/11/19/mencegah-dan-menangani-dini-gigitan-ular-berbisa,kalimat_16,10,"Ini berarti, tingkat kematian akibat gigitan ular di Indonesia selama kurun 2020 hingga awal 2021 mencapai 10 persen. Padahal, menurut Tri, tingkat kematian karena gigitan ular berbisa secara global rata-rata 2 persen.",mencegah dan menangani dini gigitan ular berbisa
https://www.kompas.id/baca/ilmu-pengetahuan-teknologi/2021/11/19/mencegah-dan-menangani-dini-gigitan-ular-berbisa,kalimat_17,10,"Pada tahun 2019, kasus gigitan ular berbisa di Indonesia sebanyak 587 dan yang meninggal 52 orang. Sementara pada 2018 jumlah kasus gigitan ular dilaporkan 782 dan yang meninggal 49 orang. Pada tahun 2017, kasus gigitan ular sebanyak 689 dan yang meninggal 42 orang.",mencegah dan menangani dini gigitan ular berbisa
https://www.kompas.id/baca/ilmu-pengetahuan-teknologi/2021/11/19/mencegah-dan-menangani-dini-gigitan-ular-berbisa,kalimat_18,10,Pertolongan dini,mencegah dan menangani dini gigitan ular berbisa
https://www.kompas.id/baca/ilmu-pengetahuan-teknologi/2021/11/19/mencegah-dan-menangani-dini-gigitan-ular-berbisa,kalimat_19,10,"Mencegah gigitan merupakan perlindungan terbaik terhadap ular berbisa karena upaya menangani racun ular tidak gampang, apalagi tidak semua ular berbisa di Indonesia tersedia serum antivenomnya. ”Sampai saat ini, Indonesia hanya memiliki tiga serum antibisa (antivenom), yaitu untuk gigitan kobra (Naja sputatrix), ular belang (Bungarus sp), serta ular tanah (Agkistrodon rhodostoma),” kata Tri Maharani.",mencegah dan menangani dini gigitan ular berbisa
https://www.kompas.id/baca/ilmu-pengetahuan-teknologi/2021/11/19/mencegah-dan-menangani-dini-gigitan-ular-berbisa,kalimat_20,10,"Tiga serum ini biasanya dipakai polivalen untuk lima jenis gigitan ular karena kobra ada dua jenis, yaitu kobra jawa dan kobra sumatera. Demikian juga Bungarus ada welang dan weling. ”Sampai saat ini, kita juga belum memproduksi sendiri serum antibisa ular king kobra (Ophiophagus hannah). Untuk menangani gigitan king kobra, saya pernah cari serumnya sampai ke Thailand,” katanya.",mencegah dan menangani dini gigitan ular berbisa
https://www.kompas.id/baca/ilmu-pengetahuan-teknologi/2021/11/19/mencegah-dan-menangani-dini-gigitan-ular-berbisa,kalimat_21,10,"Padahal, di Indonesia terdapat 77 spesies ular berbisa, termasuk beragam spesies ular laut. Jumlah ini sangat besar dibandingkan negara lain, seperti India memiliki 45 spesies, Malaysia 30-40 spesies, Thailand 40 spesies, dan Taiwan 6 spesies.",mencegah dan menangani dini gigitan ular berbisa
https://www.kompas.id/baca/ilmu-pengetahuan-teknologi/2021/11/19/mencegah-dan-menangani-dini-gigitan-ular-berbisa,kalimat_22,10,"Selain keterbatasan serum antibisa, menurut Tri, penanganan dini gigitan ular belum banyak dipahami masyarakat di Indonesia, bahkan juga di kalangan medis. Tidak semua tenaga dan fasilitas kesehatan mau dan bisa menerima pasien gigitan ular. ”Ini misalnya dalam kasus gigitan ular welang yang dialami sekuriti perumahan di Tangerang Selatan pada 2019. Korban akhirnya meninggal setelah ditolak di sejumlah fasilitas kesehatan yang tidak tahu bagaimana menanganinya,” katanya.",mencegah dan menangani dini gigitan ular berbisa
https://www.kompas.id/baca/ilmu-pengetahuan-teknologi/2021/11/19/mencegah-dan-menangani-dini-gigitan-ular-berbisa,kalimat_23,10,"Menurut Tri, penanganan dini yang perlu diketahui masyarakat menolong korban gigitan ular adalah memberi bantuan hidup dasar dan penanganan awal gigitan. ”Begitu kena gigit ular jangan banyak bergerak atau dipijat karena pergerakan akan menyebabkan racunnya semakin cepat menyebar,” katanya.",mencegah dan menangani dini gigitan ular berbisa
https://www.kompas.id/baca/ilmu-pengetahuan-teknologi/2021/11/19/mencegah-dan-menangani-dini-gigitan-ular-berbisa,kalimat_24,10,"Jika korban ditemukan dalam keadaan pingsan, harus dilakukan pijat jantung agar kembali bisa bernapas. Berikutnya, harus segera dibawa ke pelayanan kesehatan terdekat untuk mendapat perawatan.",mencegah dan menangani dini gigitan ular berbisa
https://www.kompas.id/baca/ilmu-pengetahuan-teknologi/2021/11/19/mencegah-dan-menangani-dini-gigitan-ular-berbisa,kalimat_25,10,Obat-obatan herbal juga tidak akan bisa menawarkan bisa. Racun ular hanya bisa disembuhkan dengan serum antivenom yang jenisnya beragam.,mencegah dan menangani dini gigitan ular berbisa
https://www.kompas.id/baca/ilmu-pengetahuan-teknologi/2021/11/19/mencegah-dan-menangani-dini-gigitan-ular-berbisa,kalimat_26,10,"Menurut Tri, tingkat fatalitas akibat bisa ular bergantung pada jenis ular dan volume bisa yang disemprotkan. ”Beberapa ular punya jenis racun beragam, misalnya kobra mengandung nekrotoksin dan vitotoksin. Tentu berbeda dengan bisa ular hematoksin saja,” ucap Tri.",mencegah dan menangani dini gigitan ular berbisa
https://www.kompas.id/baca/ilmu-pengetahuan-teknologi/2021/11/19/mencegah-dan-menangani-dini-gigitan-ular-berbisa,kalimat_27,10,"Setidaknya ada ada tujuh jenis bisa ular yang ditemukan di Indonesia. Dua jenis paling umum adalah neurotoksin yang menyerang saraf otak dan korbannya bisa meninggal dalam hitungan jam. Ular yang memiliki neurotoksin kuat adalah king kobra (Ophiophagus hannah) dan weling (Bungarus candidus), serta beragam jenis ular laut. ”Hampir semua jenis ular berbisa yang ditemukan di Papua juga memiliki bisa jenis neurotoksin ini,” katanya.",mencegah dan menangani dini gigitan ular berbisa
https://www.kompas.id/baca/ilmu-pengetahuan-teknologi/2021/11/19/mencegah-dan-menangani-dini-gigitan-ular-berbisa,kalimat_28,10,"Selain itu, ada jenis bisa hemotoksin dari ular tanah atau juga kerap disebut bandotan (Calloselasma rhodostoma), ular hijau ekor merah (Trimeresurus albolabris), dan ular picung (Rhabdophis subminiatus). King kobra dan ular laut juga mengeluarkan kardiotoksin, yang secara spesifik menyerang jantung.",mencegah dan menangani dini gigitan ular berbisa
https://www.kompas.id/baca/cerpen-hiburan/2021/11/22/rarasati-sang-pembawa-keajaiban,kalimat_1,13,"Di hadapan Ki Ageng Tirtayasa yang telah menunggu kedatangannya selama berbulan-bulan, isak tangis Rarasati terus bersambung tiada putus. Beberapa saat sebelum mengambil keputusan terpenting dalam hidupnya, kenangan saat pertama kali bertemu dengan Sangkula, suaminya, seketika membanjiri ingatan Rarasati. Matanya terpejam. Dibakar aroma dupa yang menyerbu penciuman, jiwanya bahkan berkelana lebih jauh lagi. Kala itu musim paceklik tengah melanda Ibu Pertiwi. Berbagai daerah penghasil bahan pangan pun tak luput dari serangannya. Bencana kelaparan sudah meluas dengan cepat ke banyak wilayah, termasuk tempat tinggal Rarasati.",rarasati sang pembawa keajaiban
https://www.kompas.id/baca/cerpen-hiburan/2021/11/22/rarasati-sang-pembawa-keajaiban,kalimat_2,13,"Harga bahan makanan pokok jadi menjulang tinggi karena mesti ditambah biaya pengiriman dari luar pulau, bahkan luar negeri. Belum lagi preman-preman yang masih saja suka minta bagian pada pedagang, dengan alasan demi menjaga keamanan, membuat harga makin menjulang ngeri. Perekonomian morat-marit, yang kaya masih bisa makan, yang miskin kelabakan. Namun yang paling menggelisahkan, pembangunan, pertambangan, dan segala kegiatan yang menyakiti Ibu Pertiwi, tetap berjalan lancar seolah berada di dunia yang berbeda. Dunia di mana kekayaan bisa menyelesaikan segalanya.",rarasati sang pembawa keajaiban
https://www.kompas.id/baca/cerpen-hiburan/2021/11/22/rarasati-sang-pembawa-keajaiban,kalimat_3,13,"Rarasati tak pernah merasa cukup untuk disebut kaya, juga masih berlebih jika mengaku miskin. Tetapi, bukan perihal posisi ekonomi yang membuatnya gelisah ketika mendengar berita paceklik ini, melainkan beban moral yang terasa kian berat, sebab ia punya kemampuan istimewa. Gadis berparas ayu itu yakin, tak banyak yang mampu menumbuhkan tanaman dalam semalam. Atau barangkali, cuma dia seoranglah yang mampu berbuat demikian di muka bumi ini. Sejak kecil, gadis itu mampu mempercepat pertumbuhan tanaman. Karena sering dilatih, lama-lama ia mampu menumbuhkan tanaman dalam semalam.",rarasati sang pembawa keajaiban
https://www.kompas.id/baca/cerpen-hiburan/2021/11/22/rarasati-sang-pembawa-keajaiban,kalimat_4,13,"Dari yang cuma berupa benih hingga siap dipanen. Asalkan dia tidur di dekat benih yang baru ditanam itu dalam radius sepuluh meter, tak ada satu jenis tanaman pun yang tak mampu dia tumbuhkan. Saat itu dia belum tahu, bahwa kemampuannya punya dampak buruk bagi diri sendiri. Tiap satu bibit tanaman yang dia tumbuhkan, akan memperpendek usianya satu hari.",rarasati sang pembawa keajaiban
https://www.kompas.id/baca/cerpen-hiburan/2021/11/22/rarasati-sang-pembawa-keajaiban,kalimat_5,13,"Berbekal restu dari kedua orangtua dan kemampuan istimewanya, Rarasati pamit meninggalkan kenyamanan rumahnya. Kira-kira satu setengah bulan sebelum dia bertemu dengan Sangkula, gadis beraroma bunga kenanga itu memulai perjalanannya. Menyebarkan aroma tubuhnya yang semerbak ke desa-desa. Membantu para petani untuk mempercepat kegiatan bercocok tanam. Tak jarang dia mengaku sebagai pelancong yang butuh tempat singgah supaya bisa ikut beristirahat di rumah warga, atau di gubuk dekat ladang mereka. Semuanya itu berhasil baik. Padi, jagung, kentang, umbi-umbian, sayur, dan buah yang sudah ditunggu-tunggu untuk panen selama berminggu-minggu—bahkan beberapa ada yang sudah nyaris mati—mendadak bisa dipanen dalam semalam.",rarasati sang pembawa keajaiban
https://www.kompas.id/baca/cerpen-hiburan/2021/11/22/rarasati-sang-pembawa-keajaiban,kalimat_6,13,"Meski tak berlebih hingga bisa dijual, setidaknya hasil panen itu bisa membuat dapur mereka kembali mengebul selama satu pekan. Tak jarang pula Rarasati dibuat menahan haru ketika menyaksikan para warga masih mau berbagi di tengah kesulitan yang sedang mereka hadapi.",rarasati sang pembawa keajaiban
https://www.kompas.id/baca/cerpen-hiburan/2021/11/22/rarasati-sang-pembawa-keajaiban,kalimat_7,13,"Memang benar adanya, mula-mula para warga belum sadar kalau peristiwa panen dadakan itu bisa terjadi karena Rarasati singgah di tempat mereka. Di desa pertama, tak seorang pun yang sadar. Di desa kedualah semua itu bermula. Ketika salah satu dari mereka yang berpikiran tajam berkata, “Aku yakin, ini pasti karena kunjungan gadis berparas ayu nan semerbak itu!” Maka mulailah yang lain mengamini, bahwa kedatangan Rarasati membawa berkat. Mereka tak pernah benar-benar tahu kebenarannya, tetapi tetap percaya begitu saja. Sebab, mereka tengah dilanda keputusasaan yang teramat sangat. Maka kedatangan Rarasati yang bersamaan dengan peristiwa panen dadakan, tentu tetap akan disambut hangat, sekalipun itu kebetulan belaka.",rarasati sang pembawa keajaiban
https://www.kompas.id/baca/cerpen-hiburan/2021/11/22/rarasati-sang-pembawa-keajaiban,kalimat_8,13,"
    Berbekal restu dari kedua orangtua dan kemampuan istimewanya, Rarasati pamit meninggalkan kenyamanan rumahnya. Kira-kira satu setengah bulan sebelum dia bertemu dengan Sangkula, gadis beraroma bunga kenanga itu memulai perjalanannya. Menyebarkan aroma tubuhnya yang semerbak ke desa-desa. Membantu para petani untuk mempercepat kegiatan bercocok tanam.
  ",rarasati sang pembawa keajaiban
https://www.kompas.id/baca/cerpen-hiburan/2021/11/22/rarasati-sang-pembawa-keajaiban,kalimat_9,13,"Di suatu petang yang mendung, sekitar dua pekan sebelum pertemuan pertamanya dengan Sangkula, para warga mendadak datang berbondong-bondong mengunjungi Rarasati. Saat itu dia baru saja hendak menumpang mobil bak seorang pedagang menuju desa tetangga, namun warga desa itu mencegahnya. Mereka berebut memintanya untuk mampir. Bahkan beberapa ada yang sampai memohon-mohon supaya dia sudi menginap selama tiga malam lamanya.",rarasati sang pembawa keajaiban
https://www.kompas.id/baca/cerpen-hiburan/2021/11/22/rarasati-sang-pembawa-keajaiban,kalimat_10,13,"Dimintai untuk mampir seperti itu, Rarasati cuma tersenyum sambil berkilah, ”Mana mungkin aku yang cuma menumpang ini bisa membuat buah dan sayur di ladangmu jadi siap panen dalam semalam?” Tetapi, mereka tetap bersikeras pada apa yang mereka yakini, seakan-akan mulai menggantungkan nasib mereka pada keajaiban yang mereka percaya selalu dibawa Rarasati. Gadis itu pun mengalah. Menunda kepergiannya ke desa tetangga. Selama dua pekan Rarasati dirundung kegelisahan. Sebab, meskipun benar demikian adanya—keajaiban itu dibawa oleh Rarasati—dia mulai kelelahan sekaligus putus asa. Tak tahu kapan bencana paceklik ini akan berakhir, dan sampai sejauh mana dia bisa membantu para petani dan warga miskin itu untuk bertahan.",rarasati sang pembawa keajaiban
https://www.kompas.id/baca/cerpen-hiburan/2021/11/22/rarasati-sang-pembawa-keajaiban,kalimat_11,13,"Suatu ketika, Rarasati mendapat pesan melalui mimpi, supaya dia menemui Ki Ageng Tirtayasa, seorang petapa sakti yang arif bijaksana. Rarasati merasa, Ki Ageng kelak mampu membantu dirinya. Dia pun telah diberi tahu dengan terperinci, bagaimana dan di mana mereka bisa bertemu. Gadis itu pun menurut. Segera berangkat ke tempat itu tanpa menunda-nunda. Namun di tengah perjalanan, Rarasati malah bertemu dengan Sangkula. Tak sengaja mereka bertemu di pinggir kolam penginapan, ketika keduanya memutuskan untuk beristirahat sejenak di sana. Kabarnya, lelaki yang berperawakan tinggi berisi itu merupakan anak sulung dari keluarga pengusaha susu tersohor di suatu kabupaten. Dia tengah dalam perjalanan berniaga saat itu. Pertama kali bertatap mata dengan sang pemuda, jantung Rarasati tak bisa tak tergelincir. Sebab belum pernah dia dibuat limbung sedemikian hebat ketika bertemu dengan seorang pemuda tampan. Dia pun sadar, pemuda itu tak bisa melepaskan pandangannya padanya, dan tampak jelas di mata sang gadis, bahwa pemuda itu begitu menikmati aroma tubuhnya.",rarasati sang pembawa keajaiban
https://www.kompas.id/baca/cerpen-hiburan/2021/11/22/rarasati-sang-pembawa-keajaiban,kalimat_12,13,"Malam itu, untuk pertama kalinya, Rarasati dibuat tak bisa tidur karena setitik perasaan yang entah itu cinta, atau berahi, atau keduanya. Setitik yang mulai membuyarkan tujuan perjalanannya. Rarasati terjebak antara panggilan untuk menemui Ki Ageng Tirtayasa dan asmara yang memabukkan. Titik itu pun kian lebar, ketika esok paginya, ia mendapati Sangkula berdiri di depan kamarnya. Sesungguhnya, nyaris saja daun pintu kamar itu ia tutup kembali karena amat terkejut. Untunglah Rarasati masih mampu menguasi diri.",rarasati sang pembawa keajaiban
https://www.kompas.id/baca/cerpen-hiburan/2021/11/22/rarasati-sang-pembawa-keajaiban,kalimat_13,13,"Sepasang mata Sangkula tampak berbinar-binar ketika dia dan Rarasati saling tatap. Mereka bercakap-cakap sejenak sebelum Sangkula menyampaikan maksud kedatangannya. Sembari mengulum segaris senyum, dia meminang gadis itu dengan menjanjikan dua puluh empat ekor sapi perah sebagai mahar, sesuai dengan usia Rarasati saat itu. Katanya, pemuda itu yakin bahwa Rarasati adalah jawaban dari segala pertanda yang telah diberikan leluhur perihal pasangan hidupnya. Aroma tubuh gadis itulah bukti terkuatnya.",rarasati sang pembawa keajaiban
https://www.kompas.id/baca/cerpen-hiburan/2021/11/22/rarasati-sang-pembawa-keajaiban,kalimat_14,13,"Susah payah Rarasati menyuruh jantungnya supaya berhenti menjerit-jerit kegirangan. Selama itu, hening bergemuruh di telinga Sangkula yang dengan sabar menantikan jawaban dari sang gadis. Setelah mengembuskan napas panjang, gadis itu pun berkata, ”Tapi, atas dasar apa aku bisa tahu engkau sungguh laki-laki yang baik untukku? Mahar yang kautawarkan tak mampu menceritakan apa pun selain kekayaanmu belaka. Cerita tentang pertanda dari leluhurmu pun, tentu bisa saja cuma kaubuat-buat dalam semalam.”",rarasati sang pembawa keajaiban
https://www.kompas.id/baca/cerpen-hiburan/2021/11/22/rarasati-sang-pembawa-keajaiban,kalimat_15,13,"Sangkula tampak siap dengan pertanyaan demikian. Maka dia pun segera meminta untuk diberi satu kesempatan, demi membuktikan diri. Dengan cerdik Rarasati memanfaatkan kesempatan itu, lalu berkata, ”Hapuskanlah bencana kelaparan dalam sepekan.” Rarasati tahu, itu permintaan yang mustahil untuk dipenuhi oleh manusia biasa. Separuh dirinya menyesal telah mengeluarkan syarat itu dari bibirnya, separuh yang lain memuji tindakannya.",rarasati sang pembawa keajaiban
https://www.kompas.id/baca/cerpen-hiburan/2021/11/22/rarasati-sang-pembawa-keajaiban,kalimat_16,13,"Si gadis telah siap patah hati, meski baru saja pohon cintanya tumbuh dengan subur dalam semalam. Namun ternyata, ketika kedua mata bulatnya menatap wajah Sangkula, terkejutlah dia. Seulas senyum mengembang di bibir tipis si lelaki. Bibir itu mendekat demi berbisik di telinga Rarasati, ”Beri aku waktu tiga harmal, kupastikan aku akan jadi suamimu!” Rarasati menahan napas ketika kata-kata yang diucapkan dengan amat lembut itu perlahan merambat seolah menjilat telinganya. Jantungnya dibuat berdebar kian tak keruan ketika sebelum pamit, Sangkula menghirup udara beraroma kenanga yang berkubang di lekukan leher gadis itu dalam-dalam, seakan ingin menyimpannya untuk kenang-kenangan.",rarasati sang pembawa keajaiban
https://www.kompas.id/baca/cerpen-hiburan/2021/11/22/rarasati-sang-pembawa-keajaiban,kalimat_17,13,"Benar adanya bahwa Sangkula sungguh mampu menghapuskan bencana kelaparan dalam tiga hari tiga malam. Kala itu, dia mengaku bahwa dia punya banyak bala bantuan. ”Kawanku tersebar di mana-mana, di seantero negeri. Yang kulakukan ini, tak ada bedanya dengan kegiatan berniaga semata,” katanya. Dimabuk cinta yang luar biasa, ditambah ikut terlena dengan kebahagiaan orang sekitar yang telah kenyang, tak ada sedikit pun curiga yang tertanam di hati Rarasati. Janji untuk menemui Ki Ageng pun menguap begitu saja. Maka, pada hari yang telah ditentukan, pernikahan dirayakan besar-besaran. Puja-puji dan sorak-sorai memeriahkan hari istimewa mereka. Sungguh satu peristiwa yang paling sempurna bagi malapetaka untuk menyembunyikan dirinya dalam kebahagiaan.",rarasati sang pembawa keajaiban
https://www.kompas.id/baca/cerpen-hiburan/2021/11/22/rarasati-sang-pembawa-keajaiban,kalimat_18,13,"Tak seorang pun yang menyangka, bahwa kebahagiaan yang begitu penuh gelegak kama itu hanya sementara. Baik Rarasati maupun Sangkula, juga masing-masing orangtua mereka, yakin kebahagiaan bagi keduanya akan berlangsung abadi. Bagaimana tidak. Kemampuan istimewa Rarasati meningkat pesat sejak kali pertama persetubuhan. Aroma tubuhnya pun kian semerbak, membuat suaminya semakin tergila-gila. Dia kira sungguh benar pertanda itu, bahwa mereka memang diciptakan untuk melengkapi satu sama lain. Namun, pada bulan ketujuh, mimpi buruk mulai datang menghantui tidurnya. Di mimipi itu, dia melihat jiwa para manusia dipaksa bekerja oleh Sangkula. Berkali-kali ia berusaha melupakan mimpi tersebut, berkali-kali pula mimpi serupa terus menghampiri. Suatu pagi-pagi buta, ketika masing-masing baru terjaga, Rarasati pun memberanikan diri untuk bertanya pada suaminya. Aksi diam Sangkulalah yang mendorong Rarasati untuk lari dari rumah mereka. Mengingatkannya kembali pada janji pertemuan dengan Ki Ageng Tirtayasa.",rarasati sang pembawa keajaiban
https://www.kompas.id/baca/cerpen-hiburan/2021/11/22/rarasati-sang-pembawa-keajaiban,kalimat_19,13,"Malam ini, di hadapan petapa sakti tersebut, Rarasati duduk bersimpuh. Air mata mengalir deras, seolah tak pernah habis rasa sakit yang dia derita. Bagaimana bisa suaminya itu menyelesaikan masalah dengan menimbulkan masalah baru? Belum lagi, ketika mendengar dari Ki Ageng bahwa sampai hari ini pun jiwa-jiwa itu masih berkeliaran, kesulitan untuk kembali ke raga masing-masing, tubuh Rarasati terasa panas dan perih seperti tengah dikuliti hidup-hidup. Namun ternyata, keterkejutannya masih belum habis juga.",rarasati sang pembawa keajaiban
https://www.kompas.id/baca/cerpen-hiburan/2021/11/22/rarasati-sang-pembawa-keajaiban,kalimat_20,13,"”Kau orang yang istimewa,” kata petapa itu. ”Sayangnya, kau tak sadar bahwa ada harga yang mesti dibayar untuk tiap keistimewaan yang dimiliki. Apakah kau tahu usiamu itu sudah nyaris habis? Tinggal beberapa tahun lagi perjalananmu di dunia ini akan selesai.”",rarasati sang pembawa keajaiban
https://www.kompas.id/baca/cerpen-hiburan/2021/11/22/rarasati-sang-pembawa-keajaiban,kalimat_21,13,"Rarasati menatap nanar. Butir-butir keringat sebesar biji jagung terlihat di pelipisnya yang halus. Kekacauan sedang terjadi di dalam dirinya. Memang, seharusnya sedari awal tak boleh ia berikan kesempatan bagi keajaiban untuk terjadi. Keajaiban yang datang tiba-tiba, tanpa kesadaran dan kerja keras, cuma menumbuhkan candu di jiwa manusia. Perubahan yang berumur panjang tentu tak akan terjadi hanya dalam tiga hari tiga malam. Selepas bencana kelaparan mereda, masyarakat kembali ke tabiat semula. Keajaiban malah membuat mereka lupa untuk mendengarkan nyanyian pilu Ibu Pertiwi, juga malas untuk memeras keringat sendiri. Rarasati pun telah menjadi congkak karena merasa istimewa. Dia tidak bijaksana menggunakan kemampuannya. Usia yang sudah nyaris habis itulah buktinya.",rarasati sang pembawa keajaiban
https://www.kompas.id/baca/cerpen-hiburan/2021/11/22/rarasati-sang-pembawa-keajaiban,kalimat_22,13,"Beban moral terasa menumpuk di pundak Rarasati, meski sebenarnya tak seorang pun, selain dirinya yang berbuat demikian padanya. Dia berpikir keras mencari-cari apa yang bisa ia perbuat untuk memperbaiki keadaan. Ditatapnya mata Ki Ageng dalam-dalam. Menanyakan kemungkinan yang bisa ia lakukan demi mengembalikan jiwa-jiwa yang masih tersesat itu ke tubuhnya masing-masing. Petapa itu menggeleng. ”Kau masih belum juga paham rupanya. Aku tahu, bukan cuma kau seorang yang hidup di tubuhmu itu. Kau sedang mengandung. Usianya empat bulan. Sisa hidupmu itu masih cukup untuk melahirkan dan mendidik anak itu.”",rarasati sang pembawa keajaiban
https://www.kompas.id/baca/cerpen-hiburan/2021/11/22/rarasati-sang-pembawa-keajaiban,kalimat_23,13,"”Aku cuma ingin bertanggung jawab atas perbuatan yang telah kulakukan,” kata Rarasati berkeras hati.",rarasati sang pembawa keajaiban
https://www.kompas.id/baca/cerpen-hiburan/2021/11/22/rarasati-sang-pembawa-keajaiban,kalimat_24,13,"Petapa itu mengangguk. ”Itulah bentuk tanggung jawab yang mesti kaulakukan. Didiklah anak itu supaya tak cuma cerdas, pekerja keras, namun juga punya kepekaan terhadap lingkungannya. Rawatlah dengan kasih sayang. Dan kuyakin kau pun akan berumur lebih panjang.” Lalu Ki Ageng pun menyuruh Rarasati pulang ke pelukan suaminya.",rarasati sang pembawa keajaiban
https://www.kompas.id/baca/cerpen-hiburan/2021/11/22/rarasati-sang-pembawa-keajaiban,kalimat_25,13,"Di tengah kegamangan, Rarasati memejamkan mata. Kepalanya pening menahan mual akibat segumpal perasaan yang tak sanggup ia telan. Berkali-kali ia coba muntahkan perasaan itu, namun tak juga bisa keluar. Aroma dupa yang dibakar mendorong ingatan akan perjalanannya ke desa-desa, juga pertemuan pertamanya dengan Sangkula, kemudian melompat jauh ke rumah mungil nan asri tempat mereka memulai hidup bersama. Dadanya sesak. Seolah memberi pertanda, bahwa pelukan sang suami dan rumah itu tak akan sama lagi rasanya.",rarasati sang pembawa keajaiban
https://www.kompas.id/baca/bebas-akses/2021/11/20/anak-bajang-mengayun-bulan-bagian-54,kalimat_1,15,"Selama Sukrosono pergi, alam pertapaan Jatisrana tak kelihatan sedih. Alam seakan tahu, mengapa harus bersedih, jika Sukrosono pasti akan kembali. Rumpun pohon-pohon bambu berdenyit-denyit, angin gunung tak membuatnya sedih menjerit. Langit cerah, gembira dengan terbang burung-burung gelatik. Sawah-sawah menghijau, dialiri air gemercik. Kembang tlasih mekar di bukit-bukit, di padang-padang membuka kelopak-kelopak kembang mayang. Alam bersenang-senang, harapannya mengembang karena dia yang dinanti pasti akan datang.",anak bajang mengayun bulan bagian 54
https://www.kompas.id/baca/bebas-akses/2021/11/20/anak-bajang-mengayun-bulan-bagian-54,kalimat_2,15,"Di tengah kegembiraan ini, mengapa Sumantri kelihatan sedih? Ia tampak menyembunyikan sesuatu, yang orang lain tak boleh tahu. Wajahnya tak tampak segar. Sering ia menyendiri, melamunkan sesuatu yang makan hati. Ia tak dapat menipu diri, lama-lama ayahnya, Begawan Swandagni, pun mengerti.",anak bajang mengayun bulan bagian 54
https://www.kompas.id/baca/bebas-akses/2021/11/20/anak-bajang-mengayun-bulan-bagian-54,kalimat_3,15,Ikuti Cerita Bersambung di Rubrik Sastra:,anak bajang mengayun bulan bagian 54
https://www.kompas.id/baca/bebas-akses/2021/11/20/anak-bajang-mengayun-bulan-bagian-54,kalimat_4,15,"”Sumantri, mengapa di hari-hari ini kau bermuram diri?” tanya Begawan Swandagni.",anak bajang mengayun bulan bagian 54
https://www.kompas.id/baca/bebas-akses/2021/11/20/anak-bajang-mengayun-bulan-bagian-54,kalimat_5,15,"”Ya ayah, sesungguhnya berat hatiku untuk menanggungnya,” jawab Sumantri.",anak bajang mengayun bulan bagian 54
https://www.kompas.id/baca/bebas-akses/2021/11/20/anak-bajang-mengayun-bulan-bagian-54,kalimat_6,15,”Apa kau rindu akan adikmu?”,anak bajang mengayun bulan bagian 54
https://www.kompas.id/baca/bebas-akses/2021/11/20/anak-bajang-mengayun-bulan-bagian-54,kalimat_7,15,"”Aku memang rindu akan Sukrosono. Tapi, itu aku dapat menanggungnya. Karena aku tahu, sebentar atau lama, adikku pasti akan kembali ke pertapaan Jatisrana.”",anak bajang mengayun bulan bagian 54
https://www.kompas.id/baca/bebas-akses/2021/11/20/anak-bajang-mengayun-bulan-bagian-54,kalimat_8,15,"”Aku tahu kau sudah beranjak dewasa. Apakah kau berpikir, pertapaan Jatisrana ini terlalu sempit bagimu untuk mencari seorang yang bisa menjadi pendamping hidupmu?”",anak bajang mengayun bulan bagian 54
https://www.kompas.id/baca/bebas-akses/2021/11/20/anak-bajang-mengayun-bulan-bagian-54,kalimat_9,15,"”Bukan, ayah. Aku masih senang, hidup bersamamu dan adikku di pertapaan Jatisrana.”",anak bajang mengayun bulan bagian 54
https://www.kompas.id/baca/bebas-akses/2021/11/20/anak-bajang-mengayun-bulan-bagian-54,kalimat_10,15,"”Lalu, apa yang membuatmu sedih? Mengapa kau menyembunyikan isi hatimu terhadap ayahmu?” desak Begawan Swandagni.",anak bajang mengayun bulan bagian 54
https://www.kompas.id/baca/bebas-akses/2021/11/20/anak-bajang-mengayun-bulan-bagian-54,kalimat_11,15,"Sumantri diam. Sudah lama sebenarnya ia menyimpan keinginannya. Bahkan, ketika Sukrosono belum pergi ke Taranggana Sekar, ia sudah mau mengutarakan keinginannya itu, tetapi ia tidak berani. Ia berpikir, mungkin setelah adiknya pergi, ia baru berani. Ternyata berlama-lama juga ia menyimpannya. Mungkin sekarang ini saatnya yang tepat untuk mengatakannya, sebelum adiknya pulang lagi ke Jatisrana.",anak bajang mengayun bulan bagian 54
https://www.kompas.id/baca/bebas-akses/2021/11/20/anak-bajang-mengayun-bulan-bagian-54,kalimat_12,15,"”Ayah, aku sangat bahagia di Jatisrana. Tapi, tak mungkin aku tinggal di sini untuk selamanya. Aku ingin pergi dan mengabdikan diri sebagai seorang kesatria,” kata Sumantri menabahkan dirinya.",anak bajang mengayun bulan bagian 54
https://www.kompas.id/baca/bebas-akses/2021/11/20/anak-bajang-mengayun-bulan-bagian-54,kalimat_13,15,"”Itu adalah keinginan yang luhur, mengapa engkau menyembunyikannya bagiku?” tanya Begawan Swandagni, sebelum ia berpikir lebih panjang lagi.",anak bajang mengayun bulan bagian 54
https://www.kompas.id/baca/bebas-akses/2021/11/20/anak-bajang-mengayun-bulan-bagian-54,kalimat_14,15,"”Ayah, aku tak ingin adikku tahu tentang kepergianku. Sekarang ia sedang tak ada di Jatisrana, inilah saatnya aku pergi mengejar cita-citaku,” kata Sumantri tanpa ragu.",anak bajang mengayun bulan bagian 54
https://www.kompas.id/baca/bebas-akses/2021/11/20/anak-bajang-mengayun-bulan-bagian-54,kalimat_15,15,"”Mengapa kau harus pergi sendiri? Kau tahu, adikmu tak mau berpisah darimu lagi. Kau bisa pergi berdua bersamanya, Sumantri,” pinta Begawan Swandagni.",anak bajang mengayun bulan bagian 54
https://www.kompas.id/baca/bebas-akses/2021/11/20/anak-bajang-mengayun-bulan-bagian-54,kalimat_16,15,"”Tidak ayah, kiranya engkau tahu, mengapa aku harus pergi sendiri.”",anak bajang mengayun bulan bagian 54
https://www.kompas.id/baca/bebas-akses/2021/11/20/anak-bajang-mengayun-bulan-bagian-54,kalimat_17,15,"Begawan Swandagni segera memaklumi, mengapa Sumantri tak mau mengajak adiknya. Katanya, ”Aku tahu, kau malu membawa adikmu. Namun, betapa pun buruk rupanya, dia adalah saudaramu sedarah. Janganlah kau menambah dosaku, Sumantri. Ajaklah dia.” Sejenak ia terdiam. Dan ia tertunduk sedih.",anak bajang mengayun bulan bagian 54
https://www.kompas.id/baca/bebas-akses/2021/11/20/anak-bajang-mengayun-bulan-bagian-54,kalimat_18,15,"
    Aku tahu, kau malu membawa adikmu. Namun, betapapun buruk rupanya, dia adalah saudaramu sedarah.
  ",anak bajang mengayun bulan bagian 54
https://www.kompas.id/baca/bebas-akses/2021/11/20/anak-bajang-mengayun-bulan-bagian-54,kalimat_19,15,"”Sumantri, adikmu bertahan hidup hanya agar ia bisa bertemu denganmu. Segala derita ditanggungnya karena ia tak mau memadamkan harapannya, suatu saat ia akan dapat menemukanmu. Kedatangannya kembali juga telah menghapuskan segala kesalahan yang kusesali sejak ia tak ada bersamaku. Betapa tega hatimu meninggalkannya. Betapa tega pula kau menghidupkan kembali kesalahanku, yang sudah terhapus sejak kau berdua boleh tinggal bersamaku di Jatisrana,” kata Begawan Swandagni terbata-bata.",anak bajang mengayun bulan bagian 54
https://www.kompas.id/baca/bebas-akses/2021/11/20/anak-bajang-mengayun-bulan-bagian-54,kalimat_20,15,"”Ayah, kenapa kau lebih membela Sukrosono? Tidakkah aku juga anakmu? Ketika kau sendiri, akulah yang selalu menemanimu. Sekarang, ketika aku ingin pergi mengejar cita-citaku, mengapa kau tega menghalangi aku?” balas Sumantri.",anak bajang mengayun bulan bagian 54
https://www.kompas.id/baca/bebas-akses/2021/11/20/anak-bajang-mengayun-bulan-bagian-54,kalimat_21,15,"Begawan Swandagni tersentak. Ia tak pernah membayangkan, Sumantri berani berkata-kata dengan demikian apa adanya dan tegas. Pasti ada sesuatu yang terpendam dalam, sampai ia berkata-kata demikian. Begawan Swandagni teringat kembali ketika Sukrosono ingin pergi ke Taranggana Sekar. Jelas tergambar, waktu itu Sumantri kelihatan bersikap dingin, dan amat menahan diri. Dengan apa adanya, tanpa kata-kata bersayap, ia menolak ajakan adiknya untuk pergi bersama ke Taranggana Sekar. Sekarang menjadi jelas, mengapa itu dulu terjadi. Sumantri tinggal menunggu waktu, kapan ia akan pergi. Inilah waktu yang ditunggu-tunggunya. Terdengar suara daun-daun berguguran di pelataran Jatisrana. Dan burung-burung berhenti menyanyi, larut dalam sunyi. Sedih mencekam hati Begawan Swandagni. Ada sesuatu yang tak dapat lagi ditahannya untuk hilang dari dirinya, dan kembali kematian seakan makin terasa mendekatinya.",anak bajang mengayun bulan bagian 54
https://www.kompas.id/baca/bebas-akses/2021/11/20/anak-bajang-mengayun-bulan-bagian-54,kalimat_22,15,"”Sumantri, pada siapa engkau hendak pergi mengabdi?” tanya Begawan Swandagni memecah kesunyian hatinya.",anak bajang mengayun bulan bagian 54
